-- Adminer 4.5.0 MySQL dump

SET NAMES utf8;
SET time_zone = '+00:00';
SET foreign_key_checks = 0;
SET sql_mode = 'NO_AUTO_VALUE_ON_ZERO';

SET NAMES utf8mb4;

CREATE DATABASE `SDIS_DB_PF` /*!40100 DEFAULT CHARACTER SET utf8mb4 */;
USE `SDIS_DB_PF`;

DROP TABLE IF EXISTS `CASERNE`;
CREATE TABLE `CASERNE` (
  `CIS_ID` int(11) NOT NULL,
  `CIS_NOM` varchar(60) NOT NULL,
  PRIMARY KEY (`CIS_ID`)
) ENGINE=InnoDB DEFAULT CHARSET=utf8mb4;

INSERT INTO `CASERNE` (`CIS_ID`, `CIS_NOM`) VALUES
(0,	'BREST'),
(1,	'CAMARET'),
(2,	'CROZON'),
(3,	'OUESSANT'),
(4,	'LANDERNEAU'),
(5,	'LANNILIS'),
(6,	'LE FAOU'),
(7,	'LESNEVEN'),
(8,	'PLABENNEC'),
(9,	'PLOUDALMEZEAU'),
(10,	'PLOUGUERNEAU'),
(11,	'SAINT RENAN'),
(12,	'CHATEAULIN'),
(13,	'BANNALEC'),
(14,	'CLOHARS CARNOET'),
(15,	'CONCARNEAU'),
(16,	'CORAY'),
(17,	'ELLIANT'),
(18,	'LEUHAN'),
(19,	'MELGVEN'),
(20,	'MOELAN SUR MER'),
(21,	'PONT AVEN'),
(22,	'QUERRIEN'),
(23,	'QUIMPERLE'),
(24,	'RIEC SUR BELON'),
(25,	'ROSPORDEN'),
(26,	'SAINT THURIEN'),
(27,	'SCAER'),
(28,	'MORLAIX'),
(29,	'BRASPARTS'),
(30,	'CARHAIX'),
(31,	'GUERLESQUIN'),
(32,	'HUELGOAT'),
(33,	'ILE DE BATZ'),
(34,	'LANDIVISIAU'),
(35,	'LANMEUR'),
(36,	'PLOUESCAT'),
(37,	'PLOUGONVEN'),
(38,	'SAINT THEGONNEC'),
(39,	'SAINT POL DE LEON'),
(40,	'SIZUN'),
(41,	'CHATEAUNEUF DU FAOU'),
(42,	'PLEYBEN'),
(43,	'SAINT GOAZEC'),
(44,	'SPEZET'),
(45,	'QUIMPER'),
(46,	'BENODET'),
(47,	'BRIEC DE L\'ODET'),
(48,	'AUDIERNE'),
(49,	'PONT-CROIX'),
(50,	'CAP SIZUN-ILE DE SEIN'),
(51,	'DOUARNENEZ'),
(52,	'FOUESNANT'),
(53,	'LE GUILVINEC'),
(54,	'LOCTUDY'),
(55,	'PENMARC\'H'),
(56,	'PLOBANNALEC'),
(57,	'PLOEMEUR'),
(58,	'PLONEOUR LANVERN'),
(59,	'PLOZEVET'),
(60,	'PONT L\'ABBE'),
(61,	'POULDREUZIC'),
(62,	'TREGOUREZ');

DROP TABLE IF EXISTS `EXERCER`;
CREATE TABLE `EXERCER` (
  `SP_MATRICULE` varchar(7) NOT NULL,
  `FCT_ID` char(15) NOT NULL,
  PRIMARY KEY (`SP_MATRICULE`,`FCT_ID`),
  KEY `I_FK_EXERCER_POMPIER` (`SP_MATRICULE`),
  KEY `I_FK_EXERCER_FONCTION` (`FCT_ID`),
  CONSTRAINT `FK_EXERCER_FONCTION` FOREIGN KEY (`FCT_ID`) REFERENCES `FONCTION` (`FCT_ID`),
  CONSTRAINT `FK_EXERCER_POMPIER` FOREIGN KEY (`SP_MATRICULE`) REFERENCES `POMPIER` (`SP_MATRICULE`)
) ENGINE=InnoDB DEFAULT CHARSET=utf8mb4;

INSERT INTO `EXERCER` (`SP_MATRICULE`, `FCT_ID`) VALUES
('0',	'0'),
('0',	'15'),
('0',	'17'),
('0',	'18'),
('0',	'2'),
('0',	'25'),
('0',	'27'),
('0',	'29'),
('1',	'1'),
('1',	'16'),
('1',	'17'),
('1',	'2'),
('1',	'22'),
('1',	'25'),
('1',	'27'),
('1',	'28'),
('10',	'1'),
('10',	'14'),
('10',	'17'),
('10',	'2'),
('10',	'20'),
('10',	'25'),
('10',	'27'),
('10',	'28'),
('100',	'1'),
('100',	'11'),
('100',	'17'),
('100',	'2'),
('100',	'22'),
('100',	'25'),
('100',	'27'),
('100',	'28'),
('101',	'0'),
('101',	'10'),
('101',	'17'),
('101',	'2'),
('101',	'20'),
('101',	'25'),
('101',	'27'),
('101',	'29'),
('102',	'1'),
('102',	'15'),
('102',	'17'),
('102',	'18'),
('102',	'2'),
('102',	'25'),
('102',	'27'),
('102',	'29'),
('103',	'0'),
('103',	'17'),
('103',	'19'),
('103',	'2'),
('103',	'25'),
('103',	'27'),
('103',	'29'),
('103',	'9'),
('104',	'1'),
('104',	'14'),
('104',	'17'),
('104',	'2'),
('104',	'22'),
('104',	'25'),
('104',	'27'),
('104',	'29'),
('104',	'5'),
('104',	'6'),
('104',	'9'),
('105',	'0'),
('105',	'17'),
('105',	'18'),
('105',	'2'),
('105',	'25'),
('105',	'27'),
('105',	'28'),
('105',	'6'),
('106',	'1'),
('106',	'17'),
('106',	'2'),
('106',	'22'),
('106',	'25'),
('106',	'27'),
('106',	'28'),
('106',	'9'),
('107',	'0'),
('107',	'11'),
('107',	'16'),
('107',	'17'),
('107',	'2'),
('107',	'20'),
('107',	'25'),
('107',	'27'),
('107',	'28'),
('108',	'1'),
('108',	'13'),
('108',	'17'),
('108',	'18'),
('108',	'2'),
('108',	'25'),
('108',	'27'),
('108',	'29'),
('108',	'3'),
('109',	'0'),
('109',	'12'),
('109',	'17'),
('109',	'2'),
('109',	'23'),
('109',	'25'),
('109',	'27'),
('109',	'28'),
('11',	'0'),
('11',	'16'),
('11',	'17'),
('11',	'19'),
('11',	'2'),
('11',	'25'),
('11',	'27'),
('11',	'29'),
('110',	'0'),
('110',	'11'),
('110',	'17'),
('110',	'2'),
('110',	'23'),
('110',	'25'),
('110',	'27'),
('110',	'29'),
('110',	'6'),
('111',	'0'),
('111',	'17'),
('111',	'2'),
('111',	'20'),
('111',	'25'),
('111',	'27'),
('111',	'28'),
('111',	'6'),
('112',	'1'),
('112',	'17'),
('112',	'2'),
('112',	'20'),
('112',	'25'),
('112',	'27'),
('112',	'28'),
('112',	'5'),
('113',	'1'),
('113',	'10'),
('113',	'17'),
('113',	'2'),
('113',	'23'),
('113',	'25'),
('113',	'27'),
('113',	'28'),
('114',	'1'),
('114',	'17'),
('114',	'18'),
('114',	'2'),
('114',	'25'),
('114',	'27'),
('114',	'29'),
('114',	'6'),
('115',	'0'),
('115',	'17'),
('115',	'2'),
('115',	'23'),
('115',	'25'),
('115',	'27'),
('115',	'29'),
('115',	'7'),
('117',	'1'),
('117',	'12'),
('117',	'14'),
('117',	'17'),
('117',	'19'),
('117',	'2'),
('117',	'25'),
('117',	'27'),
('117',	'29'),
('118',	'1'),
('118',	'17'),
('118',	'2'),
('118',	'22'),
('118',	'25'),
('118',	'27'),
('118',	'28'),
('118',	'6'),
('119',	'0'),
('119',	'17'),
('119',	'2'),
('119',	'22'),
('119',	'25'),
('119',	'27'),
('119',	'29'),
('119',	'6'),
('12',	'1'),
('12',	'17'),
('12',	'19'),
('12',	'2'),
('12',	'25'),
('12',	'27'),
('12',	'29'),
('12',	'6'),
('120',	'1'),
('120',	'17'),
('120',	'19'),
('120',	'2'),
('120',	'25'),
('120',	'27'),
('120',	'29'),
('120',	'3'),
('120',	'5'),
('121',	'0'),
('121',	'12'),
('121',	'13'),
('121',	'17'),
('121',	'19'),
('121',	'2'),
('121',	'25'),
('121',	'27'),
('121',	'29'),
('122',	'1'),
('122',	'17'),
('122',	'2'),
('122',	'22'),
('122',	'25'),
('122',	'27'),
('122',	'29'),
('122',	'5'),
('123',	'0'),
('123',	'10'),
('123',	'17'),
('123',	'2'),
('123',	'22'),
('123',	'25'),
('123',	'27'),
('123',	'28'),
('123',	'8'),
('124',	'0'),
('124',	'12'),
('124',	'17'),
('124',	'2'),
('124',	'22'),
('124',	'25'),
('124',	'27'),
('124',	'28'),
('125',	'1'),
('125',	'12'),
('125',	'13'),
('125',	'17'),
('125',	'2'),
('125',	'22'),
('125',	'25'),
('125',	'27'),
('125',	'29'),
('126',	'0'),
('126',	'14'),
('126',	'17'),
('126',	'19'),
('126',	'2'),
('126',	'25'),
('126',	'27'),
('126',	'29'),
('127',	'1'),
('127',	'17'),
('127',	'2'),
('127',	'21'),
('127',	'25'),
('127',	'27'),
('127',	'28'),
('127',	'3'),
('128',	'0'),
('128',	'15'),
('128',	'17'),
('128',	'18'),
('128',	'2'),
('128',	'25'),
('128',	'27'),
('128',	'29'),
('128',	'5'),
('129',	'1'),
('129',	'12'),
('129',	'17'),
('129',	'19'),
('129',	'2'),
('129',	'25'),
('129',	'27'),
('129',	'29'),
('13',	'1'),
('13',	'13'),
('13',	'17'),
('13',	'2'),
('13',	'20'),
('13',	'25'),
('13',	'27'),
('13',	'29'),
('130',	'1'),
('130',	'17'),
('130',	'2'),
('130',	'24'),
('130',	'25'),
('130',	'27'),
('130',	'28'),
('130',	'5'),
('131',	'0'),
('131',	'12'),
('131',	'17'),
('131',	'2'),
('131',	'20'),
('131',	'25'),
('131',	'27'),
('131',	'28'),
('132',	'0'),
('132',	'15'),
('132',	'17'),
('132',	'19'),
('132',	'2'),
('132',	'25'),
('132',	'27'),
('132',	'29'),
('133',	'1'),
('133',	'17'),
('133',	'2'),
('133',	'22'),
('133',	'25'),
('133',	'27'),
('133',	'29'),
('133',	'7'),
('134',	'1'),
('134',	'15'),
('134',	'17'),
('134',	'2'),
('134',	'22'),
('134',	'25'),
('134',	'27'),
('134',	'29'),
('135',	'0'),
('135',	'16'),
('135',	'17'),
('135',	'2'),
('135',	'21'),
('135',	'25'),
('135',	'27'),
('135',	'28'),
('136',	'1'),
('136',	'17'),
('136',	'2'),
('136',	'24'),
('136',	'25'),
('136',	'27'),
('136',	'28'),
('136',	'4'),
('137',	'0'),
('137',	'13'),
('137',	'17'),
('137',	'2'),
('137',	'20'),
('137',	'25'),
('137',	'27'),
('137',	'29'),
('138',	'1'),
('138',	'15'),
('138',	'17'),
('138',	'2'),
('138',	'20'),
('138',	'25'),
('138',	'27'),
('138',	'29'),
('139',	'1'),
('139',	'10'),
('139',	'17'),
('139',	'2'),
('139',	'23'),
('139',	'25'),
('139',	'27'),
('139',	'28'),
('14',	'1'),
('14',	'16'),
('14',	'17'),
('14',	'2'),
('14',	'22'),
('14',	'25'),
('14',	'27'),
('14',	'29'),
('140',	'1'),
('140',	'17'),
('140',	'2'),
('140',	'23'),
('140',	'25'),
('140',	'27'),
('140',	'29'),
('140',	'6'),
('141',	'1'),
('141',	'11'),
('141',	'17'),
('141',	'2'),
('141',	'20'),
('141',	'25'),
('141',	'27'),
('141',	'28'),
('142',	'1'),
('142',	'10'),
('142',	'17'),
('142',	'2'),
('142',	'21'),
('142',	'25'),
('142',	'27'),
('142',	'29'),
('143',	'0'),
('143',	'17'),
('143',	'18'),
('143',	'2'),
('143',	'25'),
('143',	'27'),
('143',	'28'),
('143',	'4'),
('144',	'1'),
('144',	'13'),
('144',	'17'),
('144',	'2'),
('144',	'22'),
('144',	'25'),
('144',	'27'),
('144',	'29'),
('144',	'7'),
('145',	'1'),
('145',	'17'),
('145',	'2'),
('145',	'23'),
('145',	'25'),
('145',	'27'),
('145',	'28'),
('145',	'9'),
('146',	'0'),
('146',	'13'),
('146',	'17'),
('146',	'19'),
('146',	'2'),
('146',	'25'),
('146',	'27'),
('146',	'28'),
('147',	'0'),
('147',	'17'),
('147',	'18'),
('147',	'2'),
('147',	'25'),
('147',	'27'),
('147',	'28'),
('147',	'7'),
('148',	'0'),
('148',	'13'),
('148',	'17'),
('148',	'2'),
('148',	'20'),
('148',	'25'),
('148',	'27'),
('148',	'28'),
('149',	'0'),
('149',	'11'),
('149',	'17'),
('149',	'2'),
('149',	'21'),
('149',	'25'),
('149',	'27'),
('149',	'29'),
('15',	'0'),
('15',	'16'),
('15',	'17'),
('15',	'19'),
('15',	'2'),
('15',	'25'),
('15',	'27'),
('15',	'29'),
('150',	'1'),
('150',	'12'),
('150',	'15'),
('150',	'17'),
('150',	'2'),
('150',	'21'),
('150',	'25'),
('150',	'27'),
('150',	'28'),
('151',	'1'),
('151',	'16'),
('151',	'17'),
('151',	'19'),
('151',	'2'),
('151',	'25'),
('151',	'27'),
('151',	'28'),
('151',	'3'),
('152',	'1'),
('152',	'14'),
('152',	'17'),
('152',	'2'),
('152',	'21'),
('152',	'25'),
('152',	'27'),
('152',	'29'),
('153',	'0'),
('153',	'17'),
('153',	'2'),
('153',	'20'),
('153',	'25'),
('153',	'27'),
('153',	'29'),
('153',	'7'),
('154',	'0'),
('154',	'17'),
('154',	'2'),
('154',	'23'),
('154',	'25'),
('154',	'27'),
('154',	'28'),
('154',	'6'),
('155',	'0'),
('155',	'13'),
('155',	'14'),
('155',	'15'),
('155',	'17'),
('155',	'2'),
('155',	'20'),
('155',	'25'),
('155',	'27'),
('155',	'28'),
('155',	'7'),
('155',	'8'),
('156',	'0'),
('156',	'17'),
('156',	'2'),
('156',	'22'),
('156',	'25'),
('156',	'27'),
('156',	'29'),
('156',	'9'),
('157',	'0'),
('157',	'15'),
('157',	'17'),
('157',	'2'),
('157',	'24'),
('157',	'25'),
('157',	'27'),
('157',	'28'),
('158',	'0'),
('158',	'17'),
('158',	'2'),
('158',	'20'),
('158',	'25'),
('158',	'27'),
('158',	'28'),
('158',	'3'),
('159',	'1'),
('159',	'17'),
('159',	'2'),
('159',	'23'),
('159',	'25'),
('159',	'27'),
('159',	'28'),
('159',	'6'),
('16',	'1'),
('16',	'17'),
('16',	'2'),
('16',	'20'),
('16',	'25'),
('16',	'27'),
('16',	'29'),
('16',	'4'),
('160',	'1'),
('160',	'17'),
('160',	'2'),
('160',	'24'),
('160',	'25'),
('160',	'27'),
('160',	'28'),
('160',	'6'),
('160',	'8'),
('161',	'0'),
('161',	'10'),
('161',	'17'),
('161',	'18'),
('161',	'2'),
('161',	'25'),
('161',	'27'),
('161',	'29'),
('162',	'0'),
('162',	'10'),
('162',	'15'),
('162',	'17'),
('162',	'2'),
('162',	'24'),
('162',	'25'),
('162',	'27'),
('162',	'28'),
('163',	'0'),
('163',	'15'),
('163',	'17'),
('163',	'2'),
('163',	'21'),
('163',	'25'),
('163',	'27'),
('163',	'29'),
('164',	'0'),
('164',	'11'),
('164',	'17'),
('164',	'18'),
('164',	'2'),
('164',	'25'),
('164',	'27'),
('164',	'28'),
('165',	'1'),
('165',	'14'),
('165',	'17'),
('165',	'2'),
('165',	'22'),
('165',	'25'),
('165',	'27'),
('165',	'28'),
('166',	'1'),
('166',	'17'),
('166',	'2'),
('166',	'22'),
('166',	'25'),
('166',	'27'),
('166',	'29'),
('166',	'3'),
('167',	'1'),
('167',	'17'),
('167',	'2'),
('167',	'23'),
('167',	'25'),
('167',	'27'),
('167',	'29'),
('167',	'3'),
('168',	'0'),
('168',	'17'),
('168',	'2'),
('168',	'21'),
('168',	'25'),
('168',	'27'),
('168',	'29'),
('168',	'9'),
('169',	'1'),
('169',	'13'),
('169',	'17'),
('169',	'18'),
('169',	'2'),
('169',	'25'),
('169',	'27'),
('169',	'29'),
('17',	'0'),
('17',	'15'),
('17',	'17'),
('17',	'18'),
('17',	'2'),
('17',	'25'),
('17',	'27'),
('17',	'29'),
('170',	'0'),
('170',	'17'),
('170',	'2'),
('170',	'20'),
('170',	'25'),
('170',	'27'),
('170',	'29'),
('170',	'7'),
('171',	'0'),
('171',	'11'),
('171',	'17'),
('171',	'2'),
('171',	'21'),
('171',	'25'),
('171',	'27'),
('171',	'29'),
('172',	'1'),
('172',	'12'),
('172',	'17'),
('172',	'2'),
('172',	'24'),
('172',	'25'),
('172',	'27'),
('172',	'29'),
('172',	'5'),
('173',	'1'),
('173',	'15'),
('173',	'17'),
('173',	'19'),
('173',	'2'),
('173',	'25'),
('173',	'27'),
('173',	'28'),
('174',	'1'),
('174',	'17'),
('174',	'2'),
('174',	'24'),
('174',	'25'),
('174',	'27'),
('174',	'28'),
('174',	'3'),
('175',	'0'),
('175',	'11'),
('175',	'17'),
('175',	'2'),
('175',	'22'),
('175',	'25'),
('175',	'27'),
('175',	'28'),
('175',	'5'),
('176',	'1'),
('176',	'13'),
('176',	'17'),
('176',	'2'),
('176',	'20'),
('176',	'25'),
('176',	'27'),
('176',	'28'),
('177',	'0'),
('177',	'11'),
('177',	'17'),
('177',	'2'),
('177',	'20'),
('177',	'25'),
('177',	'27'),
('177',	'29'),
('178',	'1'),
('178',	'17'),
('178',	'2'),
('178',	'21'),
('178',	'25'),
('178',	'27'),
('178',	'28'),
('178',	'5'),
('179',	'1'),
('179',	'17'),
('179',	'18'),
('179',	'2'),
('179',	'25'),
('179',	'27'),
('179',	'28'),
('179',	'5'),
('18',	'1'),
('18',	'15'),
('18',	'17'),
('18',	'2'),
('18',	'21'),
('18',	'25'),
('18',	'27'),
('18',	'29'),
('180',	'0'),
('180',	'12'),
('180',	'17'),
('180',	'2'),
('180',	'24'),
('180',	'25'),
('180',	'27'),
('180',	'29'),
('180',	'4'),
('181',	'0'),
('181',	'11'),
('181',	'17'),
('181',	'2'),
('181',	'23'),
('181',	'25'),
('181',	'27'),
('181',	'28'),
('182',	'0'),
('182',	'17'),
('182',	'2'),
('182',	'22'),
('182',	'25'),
('182',	'27'),
('182',	'28'),
('182',	'6'),
('183',	'0'),
('183',	'17'),
('183',	'2'),
('183',	'24'),
('183',	'25'),
('183',	'27'),
('183',	'29'),
('183',	'5'),
('184',	'1'),
('184',	'11'),
('184',	'17'),
('184',	'18'),
('184',	'2'),
('184',	'23'),
('184',	'25'),
('184',	'27'),
('184',	'29'),
('184',	'4'),
('184',	'6'),
('184',	'8'),
('185',	'0'),
('185',	'17'),
('185',	'2'),
('185',	'24'),
('185',	'25'),
('185',	'27'),
('185',	'29'),
('185',	'6'),
('186',	'1'),
('186',	'17'),
('186',	'18'),
('186',	'2'),
('186',	'25'),
('186',	'27'),
('186',	'28'),
('186',	'7'),
('187',	'1'),
('187',	'11'),
('187',	'17'),
('187',	'18'),
('187',	'2'),
('187',	'25'),
('187',	'27'),
('187',	'29'),
('188',	'0'),
('188',	'13'),
('188',	'17'),
('188',	'2'),
('188',	'21'),
('188',	'25'),
('188',	'27'),
('188',	'28'),
('189',	'1'),
('189',	'10'),
('189',	'17'),
('189',	'2'),
('189',	'22'),
('189',	'25'),
('189',	'27'),
('189',	'29'),
('19',	'0'),
('19',	'14'),
('19',	'17'),
('19',	'2'),
('19',	'21'),
('19',	'25'),
('19',	'27'),
('19',	'28'),
('190',	'0'),
('190',	'16'),
('190',	'17'),
('190',	'2'),
('190',	'21'),
('190',	'25'),
('190',	'27'),
('190',	'29'),
('191',	'1'),
('191',	'10'),
('191',	'17'),
('191',	'19'),
('191',	'2'),
('191',	'25'),
('191',	'27'),
('191',	'28'),
('191',	'7'),
('192',	'0'),
('192',	'17'),
('192',	'2'),
('192',	'23'),
('192',	'25'),
('192',	'27'),
('192',	'28'),
('192',	'3'),
('193',	'1'),
('193',	'11'),
('193',	'17'),
('193',	'2'),
('193',	'21'),
('193',	'25'),
('193',	'27'),
('193',	'28'),
('194',	'1'),
('194',	'17'),
('194',	'18'),
('194',	'2'),
('194',	'25'),
('194',	'27'),
('194',	'29'),
('194',	'9'),
('195',	'0'),
('195',	'14'),
('195',	'17'),
('195',	'19'),
('195',	'2'),
('195',	'25'),
('195',	'27'),
('195',	'28'),
('196',	'1'),
('196',	'14'),
('196',	'17'),
('196',	'2'),
('196',	'21'),
('196',	'25'),
('196',	'27'),
('196',	'29'),
('197',	'1'),
('197',	'17'),
('197',	'19'),
('197',	'2'),
('197',	'25'),
('197',	'27'),
('197',	'28'),
('197',	'5'),
('198',	'1'),
('198',	'10'),
('198',	'16'),
('198',	'17'),
('198',	'2'),
('198',	'22'),
('198',	'25'),
('198',	'27'),
('198',	'28'),
('199',	'0'),
('199',	'10'),
('199',	'17'),
('199',	'19'),
('199',	'2'),
('199',	'25'),
('199',	'27'),
('199',	'28'),
('199',	'7'),
('2',	'0'),
('2',	'12'),
('2',	'15'),
('2',	'17'),
('2',	'2'),
('2',	'20'),
('2',	'25'),
('2',	'27'),
('2',	'28'),
('20',	'1'),
('20',	'17'),
('20',	'19'),
('20',	'2'),
('20',	'25'),
('20',	'27'),
('20',	'29'),
('20',	'6'),
('21',	'0'),
('21',	'11'),
('21',	'17'),
('21',	'19'),
('21',	'2'),
('21',	'25'),
('21',	'27'),
('21',	'29'),
('22',	'0'),
('22',	'16'),
('22',	'17'),
('22',	'19'),
('22',	'2'),
('22',	'25'),
('22',	'27'),
('22',	'28'),
('23',	'0'),
('23',	'17'),
('23',	'2'),
('23',	'21'),
('23',	'25'),
('23',	'27'),
('23',	'28'),
('23',	'6'),
('24',	'0'),
('24',	'14'),
('24',	'17'),
('24',	'19'),
('24',	'2'),
('24',	'25'),
('24',	'27'),
('24',	'29'),
('25',	'0'),
('25',	'17'),
('25',	'19'),
('25',	'2'),
('25',	'25'),
('25',	'27'),
('25',	'28'),
('25',	'8'),
('27',	'0'),
('27',	'17'),
('27',	'19'),
('27',	'2'),
('27',	'25'),
('27',	'27'),
('27',	'28'),
('27',	'4'),
('28',	'1'),
('28',	'13'),
('28',	'17'),
('28',	'19'),
('28',	'2'),
('28',	'25'),
('28',	'27'),
('28',	'29'),
('29',	'1'),
('29',	'15'),
('29',	'17'),
('29',	'2'),
('29',	'24'),
('29',	'25'),
('29',	'27'),
('29',	'28'),
('3',	'1'),
('3',	'17'),
('3',	'2'),
('3',	'24'),
('3',	'25'),
('3',	'27'),
('3',	'29'),
('3',	'4'),
('30',	'0'),
('30',	'17'),
('30',	'19'),
('30',	'2'),
('30',	'25'),
('30',	'27'),
('30',	'28'),
('30',	'7'),
('31',	'1'),
('31',	'10'),
('31',	'17'),
('31',	'19'),
('31',	'2'),
('31',	'25'),
('31',	'27'),
('31',	'28'),
('32',	'1'),
('32',	'17'),
('32',	'2'),
('32',	'20'),
('32',	'25'),
('32',	'27'),
('32',	'28'),
('32',	'3'),
('32',	'4'),
('33',	'0'),
('33',	'17'),
('33',	'2'),
('33',	'23'),
('33',	'25'),
('33',	'27'),
('33',	'28'),
('33',	'3'),
('34',	'1'),
('34',	'12'),
('34',	'17'),
('34',	'18'),
('34',	'2'),
('34',	'25'),
('34',	'27'),
('34',	'29'),
('35',	'0'),
('35',	'17'),
('35',	'2'),
('35',	'24'),
('35',	'25'),
('35',	'27'),
('35',	'29'),
('35',	'4'),
('36',	'1'),
('36',	'17'),
('36',	'2'),
('36',	'22'),
('36',	'25'),
('36',	'27'),
('36',	'29'),
('36',	'7'),
('37',	'1'),
('37',	'17'),
('37',	'2'),
('37',	'21'),
('37',	'25'),
('37',	'27'),
('37',	'28'),
('37',	'4'),
('37',	'5'),
('38',	'1'),
('38',	'17'),
('38',	'18'),
('38',	'2'),
('38',	'25'),
('38',	'27'),
('38',	'29'),
('38',	'4'),
('39',	'0'),
('39',	'14'),
('39',	'17'),
('39',	'2'),
('39',	'20'),
('39',	'25'),
('39',	'27'),
('39',	'28'),
('4',	'0'),
('4',	'13'),
('4',	'17'),
('4',	'18'),
('4',	'2'),
('4',	'25'),
('4',	'27'),
('4',	'28'),
('40',	'0'),
('40',	'17'),
('40',	'2'),
('40',	'20'),
('40',	'25'),
('40',	'27'),
('40',	'29'),
('40',	'9'),
('41',	'0'),
('41',	'12'),
('41',	'17'),
('41',	'2'),
('41',	'20'),
('41',	'25'),
('41',	'27'),
('41',	'28'),
('42',	'1'),
('42',	'16'),
('42',	'17'),
('42',	'19'),
('42',	'2'),
('42',	'25'),
('42',	'27'),
('42',	'29'),
('43',	'0'),
('43',	'17'),
('43',	'2'),
('43',	'22'),
('43',	'25'),
('43',	'27'),
('43',	'28'),
('43',	'9'),
('44',	'1'),
('44',	'11'),
('44',	'13'),
('44',	'15'),
('44',	'17'),
('44',	'2'),
('44',	'24'),
('44',	'25'),
('44',	'27'),
('44',	'28'),
('44',	'8'),
('45',	'1'),
('45',	'12'),
('45',	'17'),
('45',	'2'),
('45',	'24'),
('45',	'25'),
('45',	'27'),
('45',	'28'),
('46',	'1'),
('46',	'17'),
('46',	'2'),
('46',	'22'),
('46',	'25'),
('46',	'27'),
('46',	'29'),
('46',	'9'),
('47',	'1'),
('47',	'17'),
('47',	'2'),
('47',	'21'),
('47',	'25'),
('47',	'27'),
('47',	'29'),
('47',	'8'),
('48',	'1'),
('48',	'14'),
('48',	'17'),
('48',	'2'),
('48',	'22'),
('48',	'25'),
('48',	'27'),
('48',	'29'),
('49',	'0'),
('49',	'17'),
('49',	'19'),
('49',	'2'),
('49',	'25'),
('49',	'27'),
('49',	'29'),
('49',	'6'),
('49',	'7'),
('5',	'0'),
('5',	'17'),
('5',	'18'),
('5',	'2'),
('5',	'25'),
('5',	'27'),
('5',	'28'),
('5',	'9'),
('50',	'1'),
('50',	'17'),
('50',	'2'),
('50',	'21'),
('50',	'25'),
('50',	'27'),
('50',	'29'),
('50',	'5'),
('51',	'0'),
('51',	'17'),
('51',	'2'),
('51',	'20'),
('51',	'25'),
('51',	'27'),
('51',	'28'),
('51',	'7'),
('52',	'1'),
('52',	'17'),
('52',	'19'),
('52',	'2'),
('52',	'25'),
('52',	'27'),
('52',	'29'),
('52',	'8'),
('53',	'1'),
('53',	'11'),
('53',	'16'),
('53',	'17'),
('53',	'2'),
('53',	'24'),
('53',	'25'),
('53',	'27'),
('53',	'28'),
('54',	'0'),
('54',	'14'),
('54',	'17'),
('54',	'2'),
('54',	'21'),
('54',	'25'),
('54',	'27'),
('54',	'29'),
('55',	'1'),
('55',	'14'),
('55',	'17'),
('55',	'2'),
('55',	'21'),
('55',	'25'),
('55',	'27'),
('55',	'29'),
('56',	'1'),
('56',	'17'),
('56',	'2'),
('56',	'20'),
('56',	'25'),
('56',	'27'),
('56',	'29'),
('56',	'7'),
('57',	'1'),
('57',	'17'),
('57',	'18'),
('57',	'2'),
('57',	'25'),
('57',	'27'),
('57',	'29'),
('57',	'4'),
('59',	'1'),
('59',	'10'),
('59',	'17'),
('59',	'2'),
('59',	'22'),
('59',	'25'),
('59',	'27'),
('59',	'28'),
('59',	'3'),
('6',	'1'),
('6',	'15'),
('6',	'17'),
('6',	'2'),
('6',	'23'),
('6',	'25'),
('6',	'27'),
('6',	'28'),
('60',	'1'),
('60',	'17'),
('60',	'2'),
('60',	'23'),
('60',	'25'),
('60',	'27'),
('60',	'28'),
('60',	'5'),
('61',	'0'),
('61',	'13'),
('61',	'17'),
('61',	'2'),
('61',	'21'),
('61',	'25'),
('61',	'27'),
('61',	'29'),
('62',	'0'),
('62',	'17'),
('62',	'2'),
('62',	'23'),
('62',	'25'),
('62',	'27'),
('62',	'29'),
('62',	'5'),
('63',	'1'),
('63',	'13'),
('63',	'17'),
('63',	'2'),
('63',	'22'),
('63',	'25'),
('63',	'27'),
('63',	'29'),
('64',	'0'),
('64',	'13'),
('64',	'17'),
('64',	'2'),
('64',	'20'),
('64',	'25'),
('64',	'27'),
('64',	'28'),
('65',	'1'),
('65',	'16'),
('65',	'17'),
('65',	'2'),
('65',	'21'),
('65',	'25'),
('65',	'27'),
('65',	'29'),
('66',	'1'),
('66',	'13'),
('66',	'17'),
('66',	'2'),
('66',	'20'),
('66',	'25'),
('66',	'27'),
('66',	'29'),
('67',	'1'),
('67',	'13'),
('67',	'17'),
('67',	'2'),
('67',	'23'),
('67',	'25'),
('67',	'27'),
('67',	'29'),
('68',	'0'),
('68',	'17'),
('68',	'2'),
('68',	'21'),
('68',	'25'),
('68',	'27'),
('68',	'29'),
('68',	'6'),
('69',	'1'),
('69',	'12'),
('69',	'17'),
('69',	'2'),
('69',	'20'),
('69',	'25'),
('69',	'27'),
('69',	'28'),
('7',	'0'),
('7',	'12'),
('7',	'17'),
('7',	'2'),
('7',	'22'),
('7',	'25'),
('7',	'27'),
('7',	'29'),
('70',	'0'),
('70',	'17'),
('70',	'2'),
('70',	'20'),
('70',	'25'),
('70',	'27'),
('70',	'29'),
('70',	'3'),
('71',	'0'),
('71',	'11'),
('71',	'17'),
('71',	'2'),
('71',	'21'),
('71',	'25'),
('71',	'27'),
('71',	'28'),
('72',	'1'),
('72',	'14'),
('72',	'17'),
('72',	'18'),
('72',	'2'),
('72',	'25'),
('72',	'27'),
('72',	'28'),
('73',	'0'),
('73',	'11'),
('73',	'17'),
('73',	'2'),
('73',	'20'),
('73',	'25'),
('73',	'27'),
('73',	'28'),
('74',	'0'),
('74',	'14'),
('74',	'17'),
('74',	'18'),
('74',	'2'),
('74',	'25'),
('74',	'27'),
('74',	'28'),
('75',	'1'),
('75',	'17'),
('75',	'2'),
('75',	'20'),
('75',	'25'),
('75',	'27'),
('75',	'28'),
('75',	'7'),
('76',	'1'),
('76',	'17'),
('76',	'2'),
('76',	'22'),
('76',	'25'),
('76',	'27'),
('76',	'29'),
('76',	'6'),
('77',	'0'),
('77',	'17'),
('77',	'2'),
('77',	'22'),
('77',	'25'),
('77',	'27'),
('77',	'28'),
('77',	'8'),
('78',	'0'),
('78',	'17'),
('78',	'19'),
('78',	'2'),
('78',	'25'),
('78',	'27'),
('78',	'29'),
('78',	'9'),
('79',	'1'),
('79',	'11'),
('79',	'17'),
('79',	'2'),
('79',	'22'),
('79',	'25'),
('79',	'27'),
('79',	'28'),
('8',	'1'),
('8',	'17'),
('8',	'2'),
('8',	'21'),
('8',	'25'),
('8',	'27'),
('8',	'28'),
('8',	'5'),
('80',	'1'),
('80',	'10'),
('80',	'17'),
('80',	'2'),
('80',	'23'),
('80',	'25'),
('80',	'27'),
('80',	'29'),
('80',	'7'),
('81',	'1'),
('81',	'17'),
('81',	'2'),
('81',	'23'),
('81',	'25'),
('81',	'27'),
('81',	'28'),
('81',	'8'),
('82',	'1'),
('82',	'17'),
('82',	'2'),
('82',	'24'),
('82',	'25'),
('82',	'27'),
('82',	'29'),
('82',	'6'),
('83',	'1'),
('83',	'16'),
('83',	'17'),
('83',	'2'),
('83',	'21'),
('83',	'25'),
('83',	'27'),
('83',	'29'),
('84',	'0'),
('84',	'17'),
('84',	'18'),
('84',	'2'),
('84',	'25'),
('84',	'27'),
('84',	'29'),
('84',	'3'),
('84',	'4'),
('85',	'0'),
('85',	'17'),
('85',	'2'),
('85',	'21'),
('85',	'25'),
('85',	'27'),
('85',	'29'),
('85',	'4'),
('86',	'0'),
('86',	'11'),
('86',	'17'),
('86',	'19'),
('86',	'2'),
('86',	'25'),
('86',	'27'),
('86',	'29'),
('86',	'9'),
('87',	'1'),
('87',	'10'),
('87',	'17'),
('87',	'19'),
('87',	'2'),
('87',	'25'),
('87',	'27'),
('87',	'29'),
('88',	'0'),
('88',	'13'),
('88',	'17'),
('88',	'2'),
('88',	'23'),
('88',	'25'),
('88',	'27'),
('88',	'28'),
('89',	'0'),
('89',	'12'),
('89',	'17'),
('89',	'2'),
('89',	'22'),
('89',	'25'),
('89',	'27'),
('89',	'28'),
('89',	'3'),
('9',	'1'),
('9',	'14'),
('9',	'15'),
('9',	'17'),
('9',	'18'),
('9',	'2'),
('9',	'25'),
('9',	'27'),
('9',	'28'),
('90',	'0'),
('90',	'17'),
('90',	'2'),
('90',	'20'),
('90',	'25'),
('90',	'27'),
('90',	'29'),
('90',	'5'),
('90',	'9'),
('91',	'0'),
('91',	'17'),
('91',	'2'),
('91',	'24'),
('91',	'25'),
('91',	'27'),
('91',	'28'),
('91',	'4'),
('92',	'0'),
('92',	'17'),
('92',	'2'),
('92',	'23'),
('92',	'25'),
('92',	'27'),
('92',	'29'),
('92',	'4'),
('93',	'1'),
('93',	'17'),
('93',	'19'),
('93',	'2'),
('93',	'25'),
('93',	'27'),
('93',	'28'),
('93',	'4'),
('94',	'0'),
('94',	'17'),
('94',	'2'),
('94',	'21'),
('94',	'25'),
('94',	'27'),
('94',	'29'),
('94',	'4'),
('95',	'0'),
('95',	'16'),
('95',	'17'),
('95',	'2'),
('95',	'20'),
('95',	'25'),
('95',	'27'),
('95',	'28'),
('96',	'0'),
('96',	'10'),
('96',	'17'),
('96',	'2'),
('96',	'20'),
('96',	'25'),
('96',	'27'),
('96',	'29'),
('97',	'0'),
('97',	'16'),
('97',	'17'),
('97',	'2'),
('97',	'23'),
('97',	'25'),
('97',	'27'),
('97',	'29'),
('98',	'1'),
('98',	'17'),
('98',	'2'),
('98',	'22'),
('98',	'25'),
('98',	'27'),
('98',	'28'),
('98',	'5'),
('99',	'0'),
('99',	'10'),
('99',	'11'),
('99',	'13'),
('99',	'16'),
('99',	'17'),
('99',	'18'),
('99',	'25'),
('99',	'27'),
('99',	'28'),
('99',	'29'),
('99',	'4'),
('99',	'9');

DROP TABLE IF EXISTS `FONCTION`;
CREATE TABLE `FONCTION` (
  `FCT_ID` char(15) NOT NULL,
  `FCT_LIBELLE` varchar(60) NOT NULL,
  PRIMARY KEY (`FCT_ID`)
) ENGINE=InnoDB DEFAULT CHARSET=utf8mb4;

INSERT INTO `FONCTION` (`FCT_ID`, `FCT_LIBELLE`) VALUES
('0',	'CA CCGC'),
('1',	'CA VLHR'),
('10',	'COND FPT'),
('11',	'COND FPTFDN'),
('12',	'COND SACPS'),
('13',	'COND VLHR'),
('14',	'COND VLU'),
('15',	'COND VSAV_OP3'),
('16',	'COND VTU'),
('17',	'EQU CCGC'),
('18',	'EQU EAU INT'),
('19',	'EQU FPT'),
('2',	'CA VLU'),
('20',	'EQU FPTFDN'),
('21',	'EQU MER'),
('22',	'EQU SACPS'),
('23',	'EQU VLHR'),
('24',	'EQU VLU'),
('25',	'EQU VSAV'),
('26',	'EQU VSAV_OP3'),
('27',	'EQU VTU'),
('28',	'OPE MODERATO'),
('29',	'SOUTIEN BLS'),
('3',	'CA VSAV 4/5'),
('4',	'CA VSAV_OP3'),
('5',	'CA VTU'),
('6',	'CE FPTFDN'),
('7',	'CE1 FPT'),
('8',	'CE2 FPT'),
('9',	'COND CCGC');

DROP TABLE IF EXISTS `FORMATION`;
CREATE TABLE `FORMATION` (
  `FOR_ID` varchar(32) NOT NULL,
  `FCT_ID` char(15) DEFAULT NULL,
  `FOR_LIBELLE` varchar(32) NOT NULL,
  `FOR_DTE_DEBUT` date NOT NULL,
  `FOR_DTE_FIN` date NOT NULL,
  `FOR_CAPACITE` smallint(6) NOT NULL,
  `FOR_SALLE` varchar(32) DEFAULT NULL,
  `FOR_ADRESSE` varchar(120) DEFAULT NULL,
  `FOR_CP` varchar(5) DEFAULT NULL,
  `FOR_VILLE` varchar(60) NOT NULL,
  `FOR_DESCRIPTION` varchar(255) DEFAULT NULL,
  PRIMARY KEY (`FOR_ID`),
  KEY `I_FK_FORMATION_FONCTION` (`FCT_ID`),
  CONSTRAINT `FK_FORMATION_FONCTION` FOREIGN KEY (`FCT_ID`) REFERENCES `FONCTION` (`FCT_ID`)
) ENGINE=InnoDB DEFAULT CHARSET=utf8mb4;

INSERT INTO `FORMATION` (`FOR_ID`, `FCT_ID`, `FOR_LIBELLE`, `FOR_DTE_DEBUT`, `FOR_DTE_FIN`, `FOR_CAPACITE`, `FOR_SALLE`, `FOR_ADRESSE`, `FOR_CP`, `FOR_VILLE`, `FOR_DESCRIPTION`) VALUES
('0',	'0',	'CA CCGC',	'2018-07-15',	'2018-07-21',	30,	'CS BREST',	'17 Rue Amiral Romain Desfosses',	'29200',	'BREST',	'Formation Chef d\'Agrès CCGC'),
('1',	'1',	'CA VLHR',	'2018-08-15',	'2018-08-21',	30,	'CS CAMARET',	'Place St Ives',	'29570',	'CAMARET-SUR-MER',	'Formation Chef d\'Agrès VLHR'),
('10',	'10',	'COD1',	'2019-01-01',	'2019-01-05',	30,	'CS CAMARET',	'Place St Ives',	'29570',	'CAMARET-SUR-MER',	'Formation Conducteur FPT'),
('13',	'13',	'COND VLHR',	'2019-01-01',	'2019-01-05',	20,	'CS BREST',	'17 Rue Amiral Romain Desfosses',	'29200',	'BREST',	'Formation Conducteur VLHR'),
('15',	'15',	'COND VSAV',	'2018-04-09',	'2018-04-13',	30,	'CS CAMARET',	'Place St Ives',	'29570',	'CAMARET-SUR-MER',	'Conduite Préventive (VSAV)'),
('17',	'17',	'COND VTU',	'2018-04-09',	'2018-04-13',	20,	'CS BREST',	'17 Rue Amiral Romain Desfosses',	'29200',	'BREST',	'Formation Conducteur VTU'),
('18',	'18',	'FEI2',	'2018-04-22',	'2018-04-28',	45,	'CS CAMARET',	'Place St Ives',	'29570',	'CAMARET-SUR-MER',	'Formation INCENDIE 2'),
('2',	'2',	'CA VLU',	'2018-09-05',	'2018-09-11',	30,	'CS CONCARNEAU',	'Rue du Poteau Vert',	'29900',	'CONCARNEAU',	'Formation Chef d\'Agrès VLU'),
('25',	'25',	'SAPEQ2',	'2018-07-22',	'2018-07-28',	45,	'CS CAMARET',	'Place St Ives',	'29570',	'CAMARET-SUR-MER',	'Formation SAP EQUIPIER 2'),
('3',	'3',	'CA VSAV4/5',	'2018-07-15',	'2018-07-21',	30,	'CS BREST',	'17 Rue Amiral Romain Desfosses',	'29200',	'BREST',	'Formation Chef d\'Agrès VSAV 4/5'),
('30',	'14',	'PB',	'2018-12-20',	'2018-12-20',	10,	'C.E.I. Brest',	'Poul Ar Feunteun',	'29480',	'Relecq Kerhuon',	'Permis B'),
('4',	'4',	'CA VSAV_OP3',	'2018-08-15',	'2018-08-21',	30,	'CS CONCARNEAU',	'Rue du Poteau Vert',	'29900',	'CONCARNEAU',	'Formation Chef d\'Agrès VSAV_OP3'),
('5',	'5',	'CA VTU',	'2018-09-05',	'2018-09-11',	30,	'CS BREST',	'17 Rue Amiral Romain Desfosses',	'29200',	'BREST',	'Formation Chef d\'Agrès VTU');

DROP TABLE IF EXISTS `GRADE`;
CREATE TABLE `GRADE` (
  `GRA_ID` char(3) NOT NULL,
  `GRA_LIBELLE` varchar(32) NOT NULL,
  PRIMARY KEY (`GRA_ID`)
) ENGINE=InnoDB DEFAULT CHARSET=utf8mb4;

INSERT INTO `GRADE` (`GRA_ID`, `GRA_LIBELLE`) VALUES
('0',	'SAPEUR'),
('1',	'CAPORAL'),
('10',	'LIEUTENANT-COLONEL'),
('11',	'COLONEL'),
('2',	'CAPORAL-CHEF'),
('3',	'SERGENT'),
('4',	'SERGENT-CHEF'),
('5',	'ADJUDANT'),
('6',	'ADJUDANT-CHEF'),
('7',	'LIEUTENANT'),
('8',	'CAPITAINE'),
('9',	'COMMANDANT');

DROP TABLE IF EXISTS `INSCRIRE`;
CREATE TABLE `INSCRIRE` (
  `SP_MATRICULE` varchar(7) NOT NULL,
  `FOR_ID` varchar(32) NOT NULL,
  PRIMARY KEY (`SP_MATRICULE`,`FOR_ID`),
  KEY `I_FK_INSCRIRE_POMPIER` (`SP_MATRICULE`),
  KEY `I_FK_INSCRIRE_FORMATION` (`FOR_ID`),
  CONSTRAINT `FK_INSCRIRE_FORMATION` FOREIGN KEY (`FOR_ID`) REFERENCES `FORMATION` (`FOR_ID`),
  CONSTRAINT `FK_INSCRIRE_POMPIER` FOREIGN KEY (`SP_MATRICULE`) REFERENCES `POMPIER` (`SP_MATRICULE`)
) ENGINE=InnoDB DEFAULT CHARSET=utf8mb4;


DROP TABLE IF EXISTS `LOGIN`;
CREATE TABLE `LOGIN` (
  `LOG_LOGIN` varchar(32) NOT NULL,
  `SP_MATRICULE` varchar(7) NOT NULL,
  `LOG_MDP` varchar(32) NOT NULL,
  `LOG_NOM` varchar(60) NOT NULL,
  `LOG_PRENOM` varchar(60) DEFAULT NULL,
  `LOG_PROFIL` varchar(3) NOT NULL,
  PRIMARY KEY (`LOG_LOGIN`),
  KEY `I_FK_LOGIN_POMPIER` (`SP_MATRICULE`),
  CONSTRAINT `FK_LOGIN_POMPIER` FOREIGN KEY (`SP_MATRICULE`) REFERENCES `POMPIER` (`SP_MATRICULE`)
) ENGINE=InnoDB DEFAULT CHARSET=utf8mb4;

INSERT INTO `LOGIN` (`LOG_LOGIN`, `SP_MATRICULE`, `LOG_MDP`, `LOG_NOM`, `LOG_PRENOM`, `LOG_PROFIL`) VALUES
('adamal',	'99',	'd3f4be3924bb30cd4bc37f906b36280a',	'Adam\r\n',	'Alban\r\n',	'SP'),
('albertma',	'155',	'd3f4be3924bb30cd4bc37f906b36280a',	'Albert\r\n',	'Maëlle\r\n',	'SP'),
('alexandregu',	'184',	'd3f4be3924bb30cd4bc37f906b36280a',	'Alexandre\r\n',	'Guillemette\r\n',	'SF'),
('andrega',	'44',	'd3f4be3924bb30cd4bc37f906b36280a',	'Andre\r\n',	'Gabin\r\n',	'SP'),
('arnaudev',	'104',	'd3f4be3924bb30cd4bc37f906b36280a',	'Arnaud\r\n',	'Eva\r\n',	'SP'),
('aubertju',	'110',	'd3f4be3924bb30cd4bc37f906b36280a',	'Aubert\r\n',	'Juliette\r\n',	'SP'),
('aubryma',	'128',	'd3f4be3924bb30cd4bc37f906b36280a',	'Aubry\r\n',	'Maelys\r\n',	'SP'),
('baillyma',	'123',	'd3f4be3924bb30cd4bc37f906b36280a',	'Bailly\r\n',	'Maïwenn\r\n',	'SP'),
('barbieryo',	'84',	'd3f4be3924bb30cd4bc37f906b36280a',	'Barbier\r\n',	'Yohan\r\n',	'SF'),
('baronan',	'150',	'd3f4be3924bb30cd4bc37f906b36280a',	'Baron\r\n',	'Anna\r\n',	'SF'),
('barreca',	'172',	'd3f4be3924bb30cd4bc37f906b36280a',	'Barre\r\n',	'Capucine\r\n',	'SP'),
('benoitoc',	'120',	'd3f4be3924bb30cd4bc37f906b36280a',	'Benoit\r\n',	'Océane\r\n',	'SF'),
('bergerl?',	'107',	'd3f4be3924bb30cd4bc37f906b36280a',	'Berger\r\n',	'Léa\r\n',	'SF'),
('bernardma',	'2',	'd3f4be3924bb30cd4bc37f906b36280a',	'Bernard\r\n',	'Mattéo\r\n',	'CTA'),
('bertinma',	'180',	'd3f4be3924bb30cd4bc37f906b36280a',	'Bertin\r\n',	'Maïlé\r\n',	'SP'),
('bertrandro',	'32',	'd3f4be3924bb30cd4bc37f906b36280a',	'Bertrand\r\n',	'Romain\r\n',	'SP'),
('bessony?',	'191',	'd3f4be3924bb30cd4bc37f906b36280a',	'Besson\r\n',	'Yüna\r\n',	'SF'),
('blanchardbr',	'80',	'd3f4be3924bb30cd4bc37f906b36280a',	'Blanchard\r\n',	'Bruno\r\n',	'CTA'),
('blancth',	'9',	'd3f4be3924bb30cd4bc37f906b36280a',	'Blanc\r\n',	'Thomas\r\n',	'SP'),
('bonnetsa',	'53',	'd3f4be3924bb30cd4bc37f906b36280a',	'Bonnet\r\n',	'Samuel\r\n',	'CTA'),
('boucherin',	'121',	'd3f4be3924bb30cd4bc37f906b36280a',	'Boucher\r\n',	'Inès\r\n',	'SP'),
('bouchetcl',	'198',	'd3f4be3924bb30cd4bc37f906b36280a',	'Bouchet\r\n',	'Claudie\r\n',	'SF'),
('boulangerlo',	'125',	'd3f4be3924bb30cd4bc37f906b36280a',	'Boulanger\r\n',	'Louise\r\n',	'SP'),
('bourgeoiser',	'59',	'd3f4be3924bb30cd4bc37f906b36280a',	'Bourgeois\r\n',	'Eric\r\n',	'SP'),
('bouvierl?',	'151',	'd3f4be3924bb30cd4bc37f906b36280a',	'Bouvier\r\n',	'Léonie\r\n',	'SF'),
('boyeres',	'49',	'd3f4be3924bb30cd4bc37f906b36280a',	'Boyer\r\n',	'Esteban\r\n',	'CTA'),
('bretonma',	'162',	'd3f4be3924bb30cd4bc37f906b36280a',	'Breton\r\n',	'Margaux\r\n',	'SP'),
('brunco',	'86',	'd3f4be3924bb30cd4bc37f906b36280a',	'Brun\r\n',	'Colin\r\n',	'SP'),
('brunetÉ',	'90',	'd3f4be3924bb30cd4bc37f906b36280a',	'Brunet\r\n',	'Émile\r\n',	'SF'),
('carlierva',	'199',	'd3f4be3924bb30cd4bc37f906b36280a',	'Carlier',	'Valérie',	'SF'),
('caronch',	'108',	'd3f4be3924bb30cd4bc37f906b36280a',	'Caron\r\n',	'Chloé\r\n',	'SP'),
('carpentierag',	'117',	'd3f4be3924bb30cd4bc37f906b36280a',	'Carpentier\r\n',	'Agathe\r\n',	'SP'),
('carreca',	'160',	'd3f4be3924bb30cd4bc37f906b36280a',	'Carre\r\n',	'Candice\r\n',	'SP'),
('charlesaa',	'89',	'd3f4be3924bb30cd4bc37f906b36280a',	'Charles\r\n',	'Aaron\r\n',	'SP'),
('charpentierm?',	'144',	'd3f4be3924bb30cd4bc37f906b36280a',	'Charpentier\r\n',	'Mélissa\r\n',	'SP'),
('chevalierno',	'37',	'd3f4be3924bb30cd4bc37f906b36280a',	'Chevalier\r\n',	'Nolan\r\n',	'SP'),
('chevallieram',	'175',	'd3f4be3924bb30cd4bc37f906b36280a',	'Chevallier\r\n',	'Amélie\r\n',	'CTA'),
('clementqu',	'27',	'd3f4be3924bb30cd4bc37f906b36280a',	'Clement\r\n',	'Quentin\r\n',	'SP'),
('colinda',	'96',	'd3f4be3924bb30cd4bc37f906b36280a',	'Colin\r\n',	'David\r\n',	'SF'),
('colletno',	'138',	'd3f4be3924bb30cd4bc37f906b36280a',	'Collet\r\n',	'Noémie\r\n',	'SP'),
('collinzo',	'127',	'd3f4be3924bb30cd4bc37f906b36280a',	'Collin\r\n',	'Zoé\r\n',	'SP'),
('cordierli',	'145',	'd3f4be3924bb30cd4bc37f906b36280a',	'Cordier\r\n',	'Lily\r\n',	'CTA'),
('cousinÉ',	'176',	'd3f4be3924bb30cd4bc37f906b36280a',	'Cousin\r\n',	'Élise\r\n',	'SP'),
('da silvaro',	'83',	'd3f4be3924bb30cd4bc37f906b36280a',	'Da silva\r\n',	'Roméo\r\n',	'SF'),
('danielch',	'139',	'd3f4be3924bb30cd4bc37f906b36280a',	'Daniel\r\n',	'Charlotte\r\n',	'SP'),
('davidva',	'30',	'd3f4be3924bb30cd4bc37f906b36280a',	'David',	'Valentin',	'SF'),
('deschampsem',	'115',	'd3f4be3924bb30cd4bc37f906b36280a',	'Deschamps\r\n',	'Emma\r\n',	'SP'),
('dos santoslu',	'192',	'd3f4be3924bb30cd4bc37f906b36280a',	'Dos santos\r\n',	'Lutécia\r\n',	'SF'),
('duboisev',	'4',	'd3f4be3924bb30cd4bc37f906b36280a',	'Dubois\r\n',	'Evan\r\n',	'SP'),
('dufourl?',	'78',	'd3f4be3924bb30cd4bc37f906b36280a',	'Dufour\r\n',	'Léon\r\n',	'SP'),
('dumasga',	'88',	'd3f4be3924bb30cd4bc37f906b36280a',	'Dumas\r\n',	'Gaspard\r\n',	'SP'),
('dumontju',	'31',	'd3f4be3924bb30cd4bc37f906b36280a',	'Dumont\r\n',	'Julien\r\n',	'SP'),
('dupondro',	'183',	'd3f4be3924bb30cd4bc37f906b36280a',	'Dupond\r\n',	'Rosalie\r\n',	'CTA'),
('dupontdo',	'50',	'd3f4be3924bb30cd4bc37f906b36280a',	'Dupont\r\n',	'Dorian\r\n',	'SP'),
('dupuisda',	'77',	'd3f4be3924bb30cd4bc37f906b36280a',	'Dupuis\r\n',	'Davy\r\n',	'CTA'),
('dupuym?',	'152',	'd3f4be3924bb30cd4bc37f906b36280a',	'Dupuy\r\n',	'Mélanie\r\n',	'SP'),
('duranden',	'14',	'd3f4be3924bb30cd4bc37f906b36280a',	'Durand\r\n',	'Enzo\r\n',	'SP'),
('duvalfl',	'54',	'd3f4be3924bb30cd4bc37f906b36280a',	'Duval\r\n',	'Florian\r\n',	'SP'),
('etiennepa',	'135',	'd3f4be3924bb30cd4bc37f906b36280a',	'Etienne\r\n',	'Pauline\r\n',	'SP'),
('evrardlo',	'131',	'd3f4be3924bb30cd4bc37f906b36280a',	'Evrard\r\n',	'Louna\r\n',	'SF'),
('fabrema',	'75',	'd3f4be3924bb30cd4bc37f906b36280a',	'Fabre\r\n',	'Malo\r\n',	'CTA'),
('faurelo',	'5',	'd3f4be3924bb30cd4bc37f906b36280a',	'Faure\r\n',	'Louis\r\n',	'SP'),
('fernandesh?',	'197',	'd3f4be3924bb30cd4bc37f906b36280a',	'Fernandes\r\n',	'Hélène\r\n',	'SP'),
('fernandezra',	'98',	'd3f4be3924bb30cd4bc37f906b36280a',	'Fernandez\r\n',	'Rayane\r\n',	'SF'),
('ferreiraal',	'157',	'd3f4be3924bb30cd4bc37f906b36280a',	'Ferreira\r\n',	'Alicia\r\n',	'SP'),
('fleuryja',	'113',	'd3f4be3924bb30cd4bc37f906b36280a',	'Fleury\r\n',	'Jade\r\n',	'SP'),
('fontainemo',	'35',	'd3f4be3924bb30cd4bc37f906b36280a',	'Fontaine\r\n',	'Mohamed\r\n',	'CTA'),
('fournierti',	'38',	'd3f4be3924bb30cd4bc37f906b36280a',	'Fournier\r\n',	'Timéo\r\n',	'SF'),
('francoisth',	'55',	'd3f4be3924bb30cd4bc37f906b36280a',	'Francois\r\n',	'Thibault\r\n',	'SP'),
('gaillardba',	'67',	'd3f4be3924bb30cd4bc37f906b36280a',	'Gaillard\r\n',	'Bastien\r\n',	'SP'),
('garciama',	'28',	'd3f4be3924bb30cd4bc37f906b36280a',	'Garcia\r\n',	'Maxence\r\n',	'SP'),
('garnierl?',	'3',	'd3f4be3924bb30cd4bc37f906b36280a',	'Garnier\r\n',	'Léo\r\n',	'SP'),
('gauthierpi',	'29',	'd3f4be3924bb30cd4bc37f906b36280a',	'Gauthier\r\n',	'Pierre\r\n',	'SF'),
('gayya',	'173',	'd3f4be3924bb30cd4bc37f906b36280a',	'Gay\r\n',	'Yasmine\r\n',	'SP'),
('gerardj?',	'45',	'd3f4be3924bb30cd4bc37f906b36280a',	'Gerard\r\n',	'Jérémy\r\n',	'CTA'),
('germainlo',	'161',	'd3f4be3924bb30cd4bc37f906b36280a',	'Germain\r\n',	'Loane\r\n',	'SF'),
('gilletma',	'149',	'd3f4be3924bb30cd4bc37f906b36280a',	'Gillet\r\n',	'Marion\r\n',	'SP'),
('girardan',	'42',	'd3f4be3924bb30cd4bc37f906b36280a',	'Girard\r\n',	'Antonin\r\n',	'SP'),
('giraudsa',	'112',	'd3f4be3924bb30cd4bc37f906b36280a',	'Giraud\r\n',	'Sarah\r\n',	'SP'),
('godaltr',	'5114845',	'd3f4be3924bb30cd4bc37f906b36280a',	'GODAL',	'Tristan',	'SP'),
('gomezel',	'169',	'd3f4be3924bb30cd4bc37f906b36280a',	'Gomez\r\n',	'Elsa\r\n',	'SP'),
('gonçalvesla',	'186',	'd3f4be3924bb30cd4bc37f906b36280a',	'Gonçalves\r\n',	'Lamia\r\n',	'SP'),
('gonzalezlo',	'105',	'd3f4be3924bb30cd4bc37f906b36280a',	'Gonzalez\r\n',	'Lola\r\n',	'SP'),
('guerinal',	'11',	'd3f4be3924bb30cd4bc37f906b36280a',	'Guerin\r\n',	'Alexandre\r\n',	'CTA'),
('guichardna',	'195',	'd3f4be3924bb30cd4bc37f906b36280a',	'Guichard\r\n',	'Nathalie\r\n',	'SF'),
('guillaumejo',	'97',	'd3f4be3924bb30cd4bc37f906b36280a',	'Guillaume\r\n',	'Jordan\r\n',	'SP'),
('guillotgr',	'91',	'd3f4be3924bb30cd4bc37f906b36280a',	'Guillot\r\n',	'Grégory\r\n',	'SP'),
('guyotca',	'170',	'd3f4be3924bb30cd4bc37f906b36280a',	'Guyot\r\n',	'Carla\r\n',	'SP'),
('hamonfr',	'190',	'd3f4be3924bb30cd4bc37f906b36280a',	'Hamon\r\n',	'Françoise\r\n',	'SP'),
('henryna',	'15',	'd3f4be3924bb30cd4bc37f906b36280a',	'Henry\r\n',	'Nathan\r\n',	'CTA'),
('hervecl',	'129',	'd3f4be3924bb30cd4bc37f906b36280a',	'Herve\r\n',	'Clémence\r\n',	'SP'),
('hubertgi',	'85',	'd3f4be3924bb30cd4bc37f906b36280a',	'Hubert\r\n',	'Gilbert\r\n',	'SP'),
('huetso',	'148',	'd3f4be3924bb30cd4bc37f906b36280a',	'Huet\r\n',	'Solene\r\n',	'SP'),
('humbertle',	'147',	'd3f4be3924bb30cd4bc37f906b36280a',	'Humbert\r\n',	'Lena\r\n',	'CTA'),
('jacobva',	'159',	'd3f4be3924bb30cd4bc37f906b36280a',	'Jacob\r\n',	'Valentine\r\n',	'SF'),
('jacquescl',	'189',	'd3f4be3924bb30cd4bc37f906b36280a',	'Jacques\r\n',	'Clotilde\r\n',	'SP'),
('jacquetma',	'136',	'd3f4be3924bb30cd4bc37f906b36280a',	'Jacquet\r\n',	'Maéva\r\n',	'CTA'),
('jeanam',	'72',	'd3f4be3924bb30cd4bc37f906b36280a',	'Jean\r\n',	'Amine\r\n',	'SF'),
('jolyad',	'56',	'd3f4be3924bb30cd4bc37f906b36280a',	'Joly\r\n',	'Adrien\r\n',	'SF'),
('joubertca',	'185',	'd3f4be3924bb30cd4bc37f906b36280a',	'Joubert\r\n',	'Catherine\r\n',	'SP'),
('julienam',	'118',	'd3f4be3924bb30cd4bc37f906b36280a',	'Julien\r\n',	'Ambre\r\n',	'SF'),
('kleinÉ',	'163',	'd3f4be3924bb30cd4bc37f906b36280a',	'Klein\r\n',	'Éloïse\r\n',	'SF'),
('lacroixgu',	'73',	'd3f4be3924bb30cd4bc37f906b36280a',	'Lacroix\r\n',	'Guillaume\r\n',	'CTA'),
('lainema',	'158',	'd3f4be3924bb30cd4bc37f906b36280a',	'Laine\r\n',	'Marine\r\n',	'CTA'),
('lambertdi',	'51',	'd3f4be3924bb30cd4bc37f906b36280a',	'Lambert\r\n',	'Diego\r\n',	'SF'),
('laurentpa',	'22',	'd3f4be3924bb30cd4bc37f906b36280a',	'Laurent\r\n',	'Paul\r\n',	'SP'),
('le gallfa',	'95',	'd3f4be3924bb30cd4bc37f906b36280a',	'Le gall\r\n',	'Fabrice\r\n',	'SP'),
('le goffli',	'119',	'd3f4be3924bb30cd4bc37f906b36280a',	'Le goff\r\n',	'Lilou\r\n',	'CTA'),
('le rouxju',	'132',	'd3f4be3924bb30cd4bc37f906b36280a',	'Le roux\r\n',	'Justine\r\n',	'SP'),
('leblancka',	'182',	'd3f4be3924bb30cd4bc37f906b36280a',	'Leblanc\r\n',	'Katell\r\n',	'SP'),
('lebrunal',	'137',	'd3f4be3924bb30cd4bc37f906b36280a',	'Lebrun\r\n',	'Alice\r\n',	'SF'),
('leclercqma',	'71',	'd3f4be3924bb30cd4bc37f906b36280a',	'Leclercq\r\n',	'Martin\r\n',	'SP'),
('leclercro',	'114',	'd3f4be3924bb30cd4bc37f906b36280a',	'Leclerc\r\n',	'Romane\r\n',	'SP'),
('lecomtecl',	'109',	'd3f4be3924bb30cd4bc37f906b36280a',	'Lecomte\r\n',	'Clara\r\n',	'SF'),
('lefebvreno',	'24',	'd3f4be3924bb30cd4bc37f906b36280a',	'Lefebvre\r\n',	'Noah\r\n',	'SP'),
('lefevredy',	'46',	'd3f4be3924bb30cd4bc37f906b36280a',	'Lefevre\r\n',	'Dylan\r\n',	'SF'),
('legrandlu',	'1',	'd3f4be3924bb30cd4bc37f906b36280a',	'Legrand\r\n',	'Lucas\r\n',	'SF'),
('legrosal',	'193',	'd3f4be3924bb30cd4bc37f906b36280a',	'Legros\r\n',	'Alexandra\r\n',	'SP'),
('lemaireky',	'52',	'd3f4be3924bb30cd4bc37f906b36280a',	'Lemaire\r\n',	'Kyllian\r\n',	'CTA'),
('lemoiner?',	'63',	'd3f4be3924bb30cd4bc37f906b36280a',	'Lemoine\r\n',	'Rémi\r\n',	'SP'),
('lerouxam',	'94',	'd3f4be3924bb30cd4bc37f906b36280a',	'Leroux\r\n',	'Amaury\r\n',	'SP'),
('leroyan',	'16',	'd3f4be3924bb30cd4bc37f906b36280a',	'Leroy\r\n',	'Antoine\r\n',	'SP'),
('lesagesa',	'178',	'd3f4be3924bb30cd4bc37f906b36280a',	'Lesage\r\n',	'Sara\r\n',	'SF'),
('levequeni',	'153',	'd3f4be3924bb30cd4bc37f906b36280a',	'Leveque\r\n',	'Nina\r\n',	'SP'),
('levyja',	'179',	'd3f4be3924bb30cd4bc37f906b36280a',	'Levy\r\n',	'Jasmine\r\n',	'SP'),
('lopezad',	'33',	'd3f4be3924bb30cd4bc37f906b36280a',	'Lopez\r\n',	'Adam\r\n',	'SF'),
('louisma',	'87',	'd3f4be3924bb30cd4bc37f906b36280a',	'Louis\r\n',	'Marwane\r\n',	'SP'),
('lucaski',	'68',	'd3f4be3924bb30cd4bc37f906b36280a',	'Lucas\r\n',	'Kilian\r\n',	'SF'),
('maillardli',	'124',	'd3f4be3924bb30cd4bc37f906b36280a',	'Maillard\r\n',	'Lisa\r\n',	'CTA'),
('malletsa',	'177',	'd3f4be3924bb30cd4bc37f906b36280a',	'Mallet\r\n',	'Salomé\r\n',	'SP'),
('marchalma',	'126',	'd3f4be3924bb30cd4bc37f906b36280a',	'Marchal\r\n',	'Mathilde\r\n',	'SP'),
('marchandÉ',	'76',	'd3f4be3924bb30cd4bc37f906b36280a',	'Marchand\r\n',	'Élouan\r\n',	'SF'),
('marechall?',	'171',	'd3f4be3924bb30cd4bc37f906b36280a',	'Marechal\r\n',	'Léane\r\n',	'CTA'),
('marief?',	'82',	'd3f4be3924bb30cd4bc37f906b36280a',	'Marie\r\n',	'Félix\r\n',	'SP'),
('marionla',	'181',	'd3f4be3924bb30cd4bc37f906b36280a',	'Marion\r\n',	'Lauriane\r\n',	'SP'),
('martindi',	'0',	'd3f4be3924bb30cd4bc37f906b36280a',	'Martin\r\n',	'Dimitri\r\n',	'CTA'),
('martinezbe',	'57',	'd3f4be3924bb30cd4bc37f906b36280a',	'Martinez\r\n',	'Benjamin\r\n',	'SP'),
('martyan',	'174',	'd3f4be3924bb30cd4bc37f906b36280a',	'Marty\r\n',	'Angelina\r\n',	'CTA'),
('massonan',	'41',	'd3f4be3924bb30cd4bc37f906b36280a',	'Masson\r\n',	'Anthony\r\n',	'SP'),
('mathieuma',	'25',	'd3f4be3924bb30cd4bc37f906b36280a',	'Mathieu\r\n',	'Mathis\r\n',	'CTA'),
('menardlu',	'111',	'd3f4be3924bb30cd4bc37f906b36280a',	'Menard\r\n',	'Lucie\r\n',	'SP'),
('mercierco',	'48',	'd3f4be3924bb30cd4bc37f906b36280a',	'Mercier\r\n',	'Constant\r\n',	'SP'),
('meunierli',	'70',	'd3f4be3924bb30cd4bc37f906b36280a',	'Meunier\r\n',	'Lilian\r\n',	'SP'),
('meyerro',	'66',	'd3f4be3924bb30cd4bc37f906b36280a',	'Meyer\r\n',	'Robin\r\n',	'SP'),
('milletfa',	'165',	'd3f4be3924bb30cd4bc37f906b36280a',	'Millet\r\n',	'Fanny\r\n',	'SF'),
('moreaucl',	'18',	'd3f4be3924bb30cd4bc37f906b36280a',	'Moreau\r\n',	'Clément\r\n',	'SP'),
('moreltr',	'40',	'd3f4be3924bb30cd4bc37f906b36280a',	'Morel\r\n',	'Tristan\r\n',	'SP'),
('morinal',	'23',	'd3f4be3924bb30cd4bc37f906b36280a',	'Morin\r\n',	'Alexis\r\n',	'SP'),
('moulinan',	'103',	'd3f4be3924bb30cd4bc37f906b36280a',	'Moulin\r\n',	'Anaïs\r\n',	'SP'),
('mullerhu',	'13',	'd3f4be3924bb30cd4bc37f906b36280a',	'Muller\r\n',	'Hugo\r\n',	'SF'),
('nguyenke',	'47',	'd3f4be3924bb30cd4bc37f906b36280a',	'Nguyen\r\n',	'Kevin\r\n',	'SP'),
('nicolasfl',	'19',	'd3f4be3924bb30cd4bc37f906b36280a',	'Nicolas\r\n',	'Florentin\r\n',	'CTA'),
('noelsi',	'64',	'd3f4be3924bb30cd4bc37f906b36280a',	'Noel\r\n',	'Simon\r\n',	'SF'),
('olivierre',	'79',	'd3f4be3924bb30cd4bc37f906b36280a',	'Olivier\r\n',	'Renaud\r\n',	'SP'),
('parisju',	'122',	'd3f4be3924bb30cd4bc37f906b36280a',	'Paris\r\n',	'Julie\r\n',	'SP'),
('pasquierje',	'143',	'd3f4be3924bb30cd4bc37f906b36280a',	'Pasquier\r\n',	'Jeanne\r\n',	'SP'),
('paulal',	'156',	'd3f4be3924bb30cd4bc37f906b36280a',	'Paul\r\n',	'Alexia\r\n',	'SF'),
('pelletierro',	'196',	'd3f4be3924bb30cd4bc37f906b36280a',	'Pelletier\r\n',	'Rose\r\n',	'SP'),
('pereiralo',	'141',	'd3f4be3924bb30cd4bc37f906b36280a',	'Pereira\r\n',	'Lou\r\n',	'SP'),
('perezl?',	'74',	'd3f4be3924bb30cd4bc37f906b36280a',	'Perez\r\n',	'Léonard\r\n',	'SP'),
('perrierta',	'188',	'd3f4be3924bb30cd4bc37f906b36280a',	'Perrier\r\n',	'Tatiana\r\n',	'SP'),
('perrinba',	'21',	'd3f4be3924bb30cd4bc37f906b36280a',	'Perrin\r\n',	'Baptiste\r\n',	'CTA'),
('perrotcl',	'168',	'd3f4be3924bb30cd4bc37f906b36280a',	'Perrot\r\n',	'Cloé\r\n',	'SP'),
('petitth',	'12',	'd3f4be3924bb30cd4bc37f906b36280a',	'Petit\r\n',	'Théo\r\n',	'SP'),
('philippeki',	'69',	'd3f4be3924bb30cd4bc37f906b36280a',	'Philippe\r\n',	'Killian\r\n',	'SP'),
('picardti',	'65',	'd3f4be3924bb30cd4bc37f906b36280a',	'Picard\r\n',	'Titouan\r\n',	'SP'),
('pierrean',	'100',	'd3f4be3924bb30cd4bc37f906b36280a',	'Pierre\r\n',	'Anaël\r\n',	'SF'),
('poirierli',	'142',	'd3f4be3924bb30cd4bc37f906b36280a',	'Poirier\r\n',	'Lina\r\n',	'CTA'),
('ponsma',	'154',	'd3f4be3924bb30cd4bc37f906b36280a',	'Pons\r\n',	'Margot\r\n',	'CTA'),
('poulainÉ',	'133',	'd3f4be3924bb30cd4bc37f906b36280a',	'Poulain\r\n',	'Élisa\r\n',	'SP'),
('prevostla',	'140',	'd3f4be3924bb30cd4bc37f906b36280a',	'Prevost\r\n',	'Laura\r\n',	'SP'),
('remyÉ',	'164',	'd3f4be3924bb30cd4bc37f906b36280a',	'Remy\r\n',	'Éléna\r\n',	'CTA'),
('renardki',	'102',	'd3f4be3924bb30cd4bc37f906b36280a',	'Renard\r\n',	'Kimberley\r\n',	'SP'),
('renaudme',	'61',	'd3f4be3924bb30cd4bc37f906b36280a',	'Renaud\r\n',	'Mehdi\r\n',	'SP'),
('renaultc?',	'134',	'd3f4be3924bb30cd4bc37f906b36280a',	'Renault\r\n',	'Célia\r\n',	'SP'),
('reyma',	'101',	'd3f4be3924bb30cd4bc37f906b36280a',	'Rey\r\n',	'Maryam\r\n',	'SP'),
('richardya',	'10',	'd3f4be3924bb30cd4bc37f906b36280a',	'Richard\r\n',	'Yanis\r\n',	'CTA'),
('riviereza',	'93',	'd3f4be3924bb30cd4bc37f906b36280a',	'Riviere\r\n',	'Zacharis\r\n',	'SP'),
('robertar',	'8',	'd3f4be3924bb30cd4bc37f906b36280a',	'Robert\r\n',	'Arthur\r\n',	'SF'),
('robinma',	'39',	'd3f4be3924bb30cd4bc37f906b36280a',	'Robin\r\n',	'Mathieu\r\n',	'SF'),
('rocheky',	'60',	'd3f4be3924bb30cd4bc37f906b36280a',	'Roche\r\n',	'Kylian\r\n',	'SP'),
('rodriguessy',	'194',	'd3f4be3924bb30cd4bc37f906b36280a',	'Rodrigues\r\n',	'Syrine\r\n',	'SP'),
('rodriguezti',	'81',	'd3f4be3924bb30cd4bc37f906b36280a',	'Rodriguez\r\n',	'Timothée\r\n',	'CTA'),
('rollandma',	'106',	'd3f4be3924bb30cd4bc37f906b36280a',	'Rolland\r\n',	'Marie\r\n',	'SP'),
('rossied',	'187',	'd3f4be3924bb30cd4bc37f906b36280a',	'Rossi\r\n',	'Edwige\r\n',	'SP'),
('rousseauma',	'7',	'd3f4be3924bb30cd4bc37f906b36280a',	'Rousseau\r\n',	'Maxime\r\n',	'SF'),
('rousselga',	'17',	'd3f4be3924bb30cd4bc37f906b36280a',	'Roussel\r\n',	'Gabriel\r\n',	'SF'),
('rouxvi',	'34',	'd3f4be3924bb30cd4bc37f906b36280a',	'Roux\r\n',	'Victor\r\n',	'SP'),
('royerla',	'146',	'd3f4be3924bb30cd4bc37f906b36280a',	'Royer\r\n',	'Lana\r\n',	'SP'),
('royno',	'62',	'd3f4be3924bb30cd4bc37f906b36280a',	'Roy\r\n',	'Noë\r\n',	'SF'),
('sanchezlo',	'43',	'd3f4be3924bb30cd4bc37f906b36280a',	'Sanchez\r\n',	'Lorenzo\r\n',	'CTA'),
('schmittc?',	'92',	'd3f4be3924bb30cd4bc37f906b36280a',	'Schmitt\r\n',	'Cédric\r\n',	'SP'),
('schneiderju',	'166',	'd3f4be3924bb30cd4bc37f906b36280a',	'Schneider\r\n',	'Julia\r\n',	'CTA'),
('simonju',	'20',	'd3f4be3924bb30cd4bc37f906b36280a',	'Simon\r\n',	'Jules\r\n',	'SP'),
('thomasto',	'6',	'd3f4be3924bb30cd4bc37f906b36280a',	'Thomas\r\n',	'Tom\r\n',	'CTA'),
('vasseurÉ',	'130',	'd3f4be3924bb30cd4bc37f906b36280a',	'Vasseur\r\n',	'Émilie\r\n',	'SF'),
('vincentni',	'36',	'd3f4be3924bb30cd4bc37f906b36280a',	'Vincent\r\n',	'Nicolas\r\n',	'CTA'),
('weberam',	'167',	'd3f4be3924bb30cd4bc37f906b36280a',	'Weber\r\n',	'Amandine\r\n',	'CTA');

DROP TABLE IF EXISTS `POMPIER`;
CREATE TABLE `POMPIER` (
  `SP_MATRICULE` varchar(7) NOT NULL,
  `GRA_ID` char(3) DEFAULT NULL,
  `CIS_ID` int(11) DEFAULT NULL,
  `SP_NOM` varchar(60) NOT NULL,
  `SP_PRENOM` varchar(60) NOT NULL,
  `SP_DTE_NAISSANCE` date NOT NULL,
  `SP_TEL_FIXE` varchar(10) DEFAULT NULL,
  `SP_TEL_PORTABLE` varchar(10) NOT NULL,
  `SP_BIP` varchar(8) NOT NULL,
  `SP_STATUT` varchar(15) NOT NULL,
  `SP_DTE_MAJ` date NOT NULL,
  `DATE_PROMOTION` date DEFAULT NULL,
  `DATE_AFFECTATION` date DEFAULT NULL,
  PRIMARY KEY (`SP_MATRICULE`),
  KEY `I_FK_POMPIER_GRADE` (`GRA_ID`),
  KEY `I_FK_POMPIER_CASERNE` (`CIS_ID`),
  CONSTRAINT `FK_POMPIER_CASERNE` FOREIGN KEY (`CIS_ID`) REFERENCES `CASERNE` (`CIS_ID`),
  CONSTRAINT `FK_POMPIER_GRADE` FOREIGN KEY (`GRA_ID`) REFERENCES `GRADE` (`GRA_ID`)
) ENGINE=InnoDB DEFAULT CHARSET=utf8mb4;

INSERT INTO `POMPIER` (`SP_MATRICULE`, `GRA_ID`, `CIS_ID`, `SP_NOM`, `SP_PRENOM`, `SP_DTE_NAISSANCE`, `SP_TEL_FIXE`, `SP_TEL_PORTABLE`, `SP_BIP`, `SP_STATUT`, `SP_DTE_MAJ`, `DATE_PROMOTION`, `DATE_AFFECTATION`) VALUES
('0',	'11',	0,	'Martin\r\n',	'Dimitri\r\n',	'1977-01-29',	'0279466157',	'0646935824',	'029011',	'SPP',	'2016-01-25',	'2015-12-27',	'2002-07-29'),
('1',	'9',	23,	'Legrand\r\n',	'Lucas\r\n',	'1983-12-24',	'0223383340',	'0603781452',	'0292318',	'SPP',	'2017-09-15',	'2012-09-17',	'2004-09-18'),
('10',	'1',	23,	'Richard\r\n',	'Yanis\r\n',	'1980-09-09',	'0241915884',	'0683136647',	'0292322',	'SPP',	'2017-06-24',	'2010-09-24',	'2007-03-19'),
('100',	'7',	54,	'Pierre\r\n',	'Anaël\r\n',	'1992-07-11',	'0256534643',	'0653496933',	'0295423',	'SPP',	'2015-09-09',	'2008-08-11',	'2002-01-02'),
('101',	'2',	62,	'Rey\r\n',	'Maryam\r\n',	'1977-12-05',	'0260024291',	'0608556377',	'029621',	'SPP',	'2016-02-22',	'2010-01-20',	'2001-09-07'),
('102',	'0',	58,	'Renard\r\n',	'Kimberley\r\n',	'1993-08-16',	'0297316522',	'0682529788',	'029584',	'SPP',	'2015-08-03',	'2016-11-11',	'2006-11-09'),
('103',	'6',	22,	'Moulin\r\n',	'Anaïs\r\n',	'1992-08-30',	'0297722381',	'0632406833',	'0292223',	'SPP',	'2016-11-01',	'2013-06-25',	'2003-02-12'),
('104',	'7',	2,	'Arnaud\r\n',	'Eva\r\n',	'1977-06-01',	'0219586723',	'0645668052',	'029225',	'SPV',	'2014-05-29',	'2015-03-10',	'2000-11-29'),
('105',	'7',	47,	'Gonzalez\r\n',	'Lola\r\n',	'1978-11-23',	'0289318810',	'0657821295',	'0294710',	'SPV',	'2017-06-06',	'0000-00-00',	'2007-11-15'),
('106',	'0',	50,	'Rolland\r\n',	'Marie\r\n',	'1995-11-20',	'0225602383',	'0603564972',	'029503',	'SPP',	'2016-03-06',	'2017-04-21',	'2005-05-18'),
('107',	'1',	0,	'Berger\r\n',	'Léa\r\n',	'1990-09-29',	'0265904988',	'0690471141',	'029019',	'SPV',	'2017-08-24',	'2011-09-19',	'2001-07-03'),
('108',	'3',	15,	'Caron\r\n',	'Chloé\r\n',	'1984-05-16',	'0297171346',	'0607593256',	'029154',	'SPP',	'2015-04-25',	'2014-05-08',	'2005-12-30'),
('109',	'10',	38,	'Lecomte\r\n',	'Clara\r\n',	'1984-10-09',	'0233094660',	'0653151443',	'0293816',	'SPP',	'2017-03-29',	'2013-06-26',	'2006-10-05'),
('11',	'6',	32,	'Guerin\r\n',	'Alexandre\r\n',	'1992-03-25',	'0290625791',	'0625907998',	'029321',	'SPP',	'2014-03-10',	'2015-03-31',	'2001-05-22'),
('110',	'2',	27,	'Aubert\r\n',	'Juliette\r\n',	'1980-04-13',	'0262397956',	'0651895176',	'0292724',	'SPP',	'2015-12-25',	'2012-03-22',	'2000-07-16'),
('111',	'5',	42,	'Menard\r\n',	'Lucie\r\n',	'1982-12-01',	'0240095961',	'0659038576',	'0294210',	'SPP',	'2017-07-16',	'2015-10-18',	'2001-11-27'),
('112',	'1',	52,	'Giraud\r\n',	'Sarah\r\n',	'1986-09-14',	'0221265400',	'0688024767',	'029525',	'SPV',	'2014-02-20',	'2011-07-18',	'2000-10-17'),
('113',	'6',	4,	'Fleury\r\n',	'Jade\r\n',	'1989-02-15',	'0209850733',	'0642039674',	'02944',	'SPP',	'2017-11-08',	'2010-09-09',	'0000-00-00'),
('114',	'3',	7,	'Leclerc\r\n',	'Romane\r\n',	'1981-02-11',	'0260558051',	'0691248002',	'029721',	'SPP',	'2015-07-27',	'2012-09-08',	'2004-03-13'),
('115',	'1',	20,	'Deschamps\r\n',	'Emma\r\n',	'1981-07-13',	'0291404270',	'0661920512',	'029207',	'SPV',	'2015-10-04',	'2013-06-16',	'2005-09-21'),
('117',	'4',	7,	'Carpentier\r\n',	'Agathe\r\n',	'1978-01-02',	'0232320608',	'0675447945',	'02976',	'SPP',	'2015-08-16',	'2012-05-07',	'2004-04-05'),
('118',	'9',	32,	'Julien\r\n',	'Ambre\r\n',	'1996-08-12',	'0238849318',	'0636598787',	'0293210',	'SPP',	'2016-11-08',	'2014-05-24',	'2006-05-25'),
('119',	'8',	24,	'Le goff\r\n',	'Lilou\r\n',	'1985-06-23',	'0242393018',	'0675776455',	'0292410',	'SPP',	'2016-10-03',	'2016-10-05',	'2003-09-25'),
('12',	'2',	11,	'Petit\r\n',	'Théo\r\n',	'1980-01-19',	'0216158979',	'0665493800',	'0291117',	'SPP',	'2017-03-11',	'2010-11-02',	'2006-07-08'),
('120',	'2',	40,	'Benoit\r\n',	'Océane\r\n',	'1978-08-01',	'0211105675',	'0612255469',	'0294024',	'SPV',	'2015-04-12',	'2016-12-14',	'2002-04-27'),
('121',	'10',	44,	'Boucher\r\n',	'Inès\r\n',	'1979-08-04',	'0293739404',	'0656606610',	'0294419',	'SPV',	'2015-07-30',	'2011-09-28',	'2007-10-16'),
('122',	'1',	49,	'Paris\r\n',	'Julie\r\n',	'1985-04-28',	'0247709385',	'0659894426',	'029496',	'SPP',	'2014-03-27',	'2012-06-02',	'2001-07-22'),
('123',	'1',	12,	'Bailly\r\n',	'Maïwenn\r\n',	'1982-07-05',	'0290266502',	'0672898191',	'0291220',	'SPP',	'2017-11-28',	'2010-12-26',	'2000-04-04'),
('124',	'5',	17,	'Maillard\r\n',	'Lisa\r\n',	'1994-01-24',	'0269532533',	'0698427276',	'0291726',	'SPV',	'2017-07-08',	'2014-12-26',	'2006-03-13'),
('125',	'0',	19,	'Boulanger\r\n',	'Louise\r\n',	'1997-10-07',	'0202390932',	'0636518841',	'0291913',	'SPP',	'2016-01-04',	'2012-12-28',	'2006-09-30'),
('126',	'7',	29,	'Marchal\r\n',	'Mathilde\r\n',	'1994-08-06',	'0212708456',	'0643129596',	'0292912',	'SPP',	'2016-04-05',	'2016-02-15',	'2001-01-09'),
('127',	'6',	17,	'Collin\r\n',	'Zoé\r\n',	'1987-12-10',	'0215602645',	'0677077612',	'0291728',	'SPP',	'2017-05-08',	'2015-09-17',	'2001-06-04'),
('128',	'0',	23,	'Aubry\r\n',	'Maelys\r\n',	'1988-06-16',	'0242065644',	'0632124284',	'0292321',	'SPV',	'2017-04-20',	'2013-10-08',	'2006-03-06'),
('129',	'1',	36,	'Herve\r\n',	'Clémence\r\n',	'1986-11-23',	'0276035507',	'0682642013',	'0293626',	'SPP',	'2015-07-13',	'2017-02-28',	'2002-08-12'),
('13',	'7',	27,	'Muller\r\n',	'Hugo\r\n',	'1996-11-11',	'0279809277',	'0685246924',	'0292729',	'SPP',	'2017-08-18',	'2013-03-05',	'2005-05-06'),
('130',	'5',	41,	'Vasseur\r\n',	'Émilie\r\n',	'1987-10-03',	'0223598146',	'0637971980',	'029412',	'SPP',	'2014-05-26',	'2013-05-05',	'2001-10-31'),
('131',	'1',	36,	'Evrard\r\n',	'Louna\r\n',	'1983-12-11',	'0220483792',	'0698874853',	'029362',	'SPV',	'2014-11-14',	'2011-01-16',	'2007-07-10'),
('132',	'7',	42,	'Le roux\r\n',	'Justine\r\n',	'1997-01-29',	'0271269881',	'0606110393',	'029424',	'SPP',	'2017-08-10',	'2008-07-08',	'2005-11-06'),
('133',	'1',	2,	'Poulain\r\n',	'Élisa\r\n',	'1986-12-08',	'0227186708',	'0697094422',	'029224',	'SPP',	'2015-04-09',	'2010-05-14',	'2007-03-15'),
('134',	'1',	4,	'Renault\r\n',	'Célia\r\n',	'1981-03-25',	'0292048970',	'0654862773',	'02946',	'SPV',	'2015-04-11',	'2015-11-04',	'2006-04-02'),
('135',	'9',	20,	'Etienne\r\n',	'Pauline\r\n',	'1983-09-19',	'0296723926',	'0654257546',	'029206',	'SPP',	'2014-01-30',	'2008-11-11',	'2000-01-18'),
('136',	'4',	54,	'Jacquet\r\n',	'Maéva\r\n',	'1982-11-25',	'0237437142',	'0653225396',	'0295430',	'SPP',	'2015-08-21',	'2013-05-23',	'2007-09-15'),
('137',	'9',	30,	'Lebrun\r\n',	'Alice\r\n',	'1987-04-14',	'0243111134',	'0699160673',	'0293010',	'SPP',	'2016-05-09',	'2013-04-21',	'2003-07-18'),
('138',	'1',	11,	'Collet\r\n',	'Noémie\r\n',	'1997-06-18',	'0296229234',	'0659583126',	'0291119',	'SPP',	'2017-01-30',	'2008-06-13',	'2004-12-23'),
('139',	'7',	4,	'Daniel\r\n',	'Charlotte\r\n',	'1983-08-16',	'0257672519',	'0627972973',	'029410',	'SPP',	'2016-02-25',	'2016-10-08',	'2000-08-22'),
('14',	'3',	24,	'Durand\r\n',	'Enzo\r\n',	'1992-12-18',	'0293771818',	'0625176779',	'0292430',	'SPP',	'2014-03-14',	'2012-06-19',	'2007-04-15'),
('140',	'6',	46,	'Prevost\r\n',	'Laura\r\n',	'1989-02-22',	'0273092971',	'0658647322',	'029464',	'SPP',	'2014-03-06',	'2011-09-23',	'2002-01-10'),
('141',	'7',	28,	'Pereira\r\n',	'Lou\r\n',	'1992-11-01',	'0279086640',	'0621095062',	'0292815',	'SPP',	'2017-09-26',	'2017-05-01',	'2005-12-04'),
('142',	'1',	19,	'Poirier\r\n',	'Lina\r\n',	'1988-09-02',	'0239859059',	'0636468905',	'0291924',	'SPV',	'2016-01-24',	'2014-04-12',	'2001-12-09'),
('143',	'10',	1,	'Pasquier\r\n',	'Jeanne\r\n',	'1999-02-26',	'0265617091',	'0645519377',	'02915',	'SPP',	'2015-01-07',	'2013-12-10',	'2007-07-01'),
('144',	'1',	2,	'Charpentier\r\n',	'Mélissa\r\n',	'1992-07-14',	'0231007130',	'0681993377',	'029219',	'SPP',	'2015-03-22',	'2008-06-17',	'2001-06-21'),
('145',	'10',	42,	'Cordier\r\n',	'Lily\r\n',	'1980-05-11',	'0279933576',	'0661475426',	'0294225',	'SPV',	'2015-12-10',	'0000-00-00',	'2005-05-16'),
('146',	'9',	42,	'Royer\r\n',	'Lana\r\n',	'1995-08-31',	'0285701530',	'0695354627',	'0294227',	'SPP',	'2015-09-14',	'2014-10-25',	'2002-12-05'),
('147',	'3',	3,	'Humbert\r\n',	'Lena\r\n',	'1998-11-27',	'0218029963',	'0671752960',	'029329',	'SPP',	'2016-07-18',	'2010-04-24',	'2007-01-12'),
('148',	'5',	7,	'Huet\r\n',	'Solene\r\n',	'1995-11-20',	'0231054751',	'0699650672',	'029723',	'SPV',	'2014-01-25',	'2009-11-01',	'2001-10-29'),
('149',	'6',	28,	'Gillet\r\n',	'Marion\r\n',	'1991-04-20',	'0237974298',	'0632678090',	'0292829',	'SPP',	'2016-06-28',	'2015-03-14',	'2006-07-27'),
('15',	'2',	6,	'Henry\r\n',	'Nathan\r\n',	'1996-01-29',	'0230768665',	'0695391405',	'029616',	'SPV',	'2017-08-04',	'2009-08-25',	'2004-04-24'),
('150',	'9',	56,	'Baron\r\n',	'Anna\r\n',	'1990-10-07',	'0209662741',	'0634279095',	'0295629',	'SPP',	'2015-11-04',	'2010-02-17',	'2005-10-26'),
('151',	'4',	20,	'Bouvier\r\n',	'Léonie\r\n',	'1982-09-22',	'0222286225',	'0663184141',	'0292016',	'SPP',	'2014-05-30',	'2012-01-09',	'2003-08-02'),
('152',	'1',	59,	'Dupuy\r\n',	'Mélanie\r\n',	'1993-04-02',	'0224952814',	'0620209998',	'0295930',	'SPV',	'2016-07-06',	'2008-08-11',	'2002-11-01'),
('153',	'0',	25,	'Leveque\r\n',	'Nina\r\n',	'1999-09-20',	'0255523737',	'0676084292',	'029258',	'SPP',	'2015-02-21',	'2015-02-06',	'2005-11-14'),
('154',	'6',	61,	'Pons\r\n',	'Margot\r\n',	'1999-10-07',	'0211896748',	'0625277840',	'0296120',	'SPP',	'2017-10-26',	'2010-02-22',	'2005-02-12'),
('155',	'7',	32,	'Albert\r\n',	'Maëlle\r\n',	'1998-05-03',	'0292870852',	'0634741986',	'029324',	'SPP',	'2014-03-08',	'2015-09-21',	'2006-08-13'),
('156',	'7',	12,	'Paul\r\n',	'Alexia\r\n',	'1995-11-10',	'0274963815',	'0614509212',	'0291219',	'SPV',	'2015-02-15',	'2013-01-08',	'2000-12-21'),
('157',	'1',	53,	'Ferreira\r\n',	'Alicia\r\n',	'1984-06-24',	'0201589846',	'0610910678',	'029534',	'SPV',	'2015-04-15',	'2013-12-22',	'2005-10-17'),
('158',	'3',	40,	'Laine\r\n',	'Marine\r\n',	'1988-05-13',	'0292819639',	'0638049010',	'0294011',	'SPP',	'2014-11-13',	'2008-01-16',	'2006-05-30'),
('159',	'9',	13,	'Jacob\r\n',	'Valentine\r\n',	'1979-12-07',	'0216810871',	'0694344899',	'029131',	'SPP',	'2014-06-07',	'2012-03-09',	'2001-09-21'),
('16',	'5',	58,	'Leroy\r\n',	'Antoine\r\n',	'1988-09-27',	'0213518820',	'0608044236',	'0295821',	'SPP',	'2015-03-11',	'2013-05-27',	'2005-03-29'),
('160',	'10',	36,	'Carre\r\n',	'Candice\r\n',	'1998-03-16',	'0211714610',	'0678581577',	'0293628',	'SPV',	'2015-03-17',	'2015-10-23',	'2007-11-20'),
('161',	'1',	5,	'Germain\r\n',	'Loane\r\n',	'1986-01-08',	'0266702290',	'0669255418',	'02955',	'SPP',	'2015-07-15',	'2011-03-31',	'2007-02-07'),
('162',	'5',	29,	'Breton\r\n',	'Margaux\r\n',	'1999-03-18',	'0289893330',	'0660360491',	'029297',	'SPP',	'2017-12-11',	'2010-01-10',	'2002-06-12'),
('163',	'10',	56,	'Klein\r\n',	'Éloïse\r\n',	'1977-07-18',	'0288554570',	'0618300748',	'0295627',	'SPP',	'2014-12-24',	'2011-05-10',	'2006-04-16'),
('164',	'2',	29,	'Remy\r\n',	'Éléna\r\n',	'1994-10-12',	'0237633011',	'0629431083',	'0292927',	'SPV',	'2017-01-14',	'2014-12-25',	'2004-12-11'),
('165',	'1',	18,	'Millet\r\n',	'Fanny\r\n',	'1996-05-06',	'0259657921',	'0602005738',	'0291826',	'SPP',	'2016-09-16',	'2013-01-02',	'2000-10-28'),
('166',	'9',	58,	'Schneider\r\n',	'Julia\r\n',	'1995-02-10',	'0228615049',	'0648303268',	'029587',	'SPP',	'2016-09-08',	'2016-05-12',	'2001-03-22'),
('167',	'1',	27,	'Weber\r\n',	'Amandine\r\n',	'1995-12-02',	'0250622019',	'0671338320',	'0292727',	'SPP',	'2016-07-03',	'2013-11-22',	'2004-09-25'),
('168',	'4',	33,	'Perrot\r\n',	'Cloé\r\n',	'1978-11-26',	'0282767400',	'0666041800',	'0293314',	'SPP',	'2015-09-07',	'2011-02-13',	'2006-12-12'),
('169',	'7',	54,	'Gomez\r\n',	'Elsa\r\n',	'1998-04-12',	'0242472265',	'0652202757',	'0295428',	'SPP',	'2017-11-08',	'2011-03-10',	'2006-04-06'),
('17',	'0',	31,	'Roussel\r\n',	'Gabriel\r\n',	'1992-12-25',	'0262803662',	'0600182799',	'0293122',	'SPP',	'2014-02-14',	'2015-09-06',	'2005-03-29'),
('170',	'7',	54,	'Guyot\r\n',	'Carla\r\n',	'1997-04-22',	'0244047830',	'0671535790',	'0295424',	'SPP',	'2015-08-26',	'2008-04-13',	'2007-03-23'),
('171',	'0',	39,	'Marechal\r\n',	'Léane\r\n',	'1989-07-02',	'0274013973',	'0676939637',	'0293919',	'SPP',	'2015-11-10',	'2017-06-07',	'2006-04-15'),
('172',	'7',	5,	'Barre\r\n',	'Capucine\r\n',	'1984-05-17',	'0235528591',	'0650598278',	'02952',	'SPP',	'2014-06-26',	'2010-08-04',	'2006-03-21'),
('173',	'8',	35,	'Gay\r\n',	'Yasmine\r\n',	'1982-06-10',	'0218209878',	'0603743125',	'029351',	'SPV',	'2017-05-23',	'2013-09-21',	'2004-01-01'),
('174',	'1',	26,	'Marty\r\n',	'Angelina\r\n',	'1999-08-25',	'0271620825',	'0612150565',	'0292620',	'SPP',	'2014-11-14',	'2015-08-10',	'2002-11-24'),
('175',	'8',	8,	'Chevallier\r\n',	'Amélie\r\n',	'1985-09-10',	'0282364507',	'0606753762',	'02981',	'SPP',	'2015-03-31',	'2008-12-04',	'2003-12-24'),
('176',	'1',	38,	'Cousin\r\n',	'Élise\r\n',	'1993-01-11',	'0221981799',	'0667243468',	'0293825',	'SPP',	'2015-11-30',	'2012-11-16',	'2004-04-07'),
('177',	'8',	27,	'Mallet\r\n',	'Salomé\r\n',	'1996-09-09',	'0231382912',	'0600207242',	'029275',	'SPP',	'2017-10-07',	'2015-08-03',	'2002-04-05'),
('178',	'7',	0,	'Lesage\r\n',	'Sara\r\n',	'1992-05-08',	'0232199479',	'0697930326',	'029012',	'SPP',	'2015-10-04',	'2009-03-02',	'2005-01-25'),
('179',	'1',	38,	'Levy\r\n',	'Jasmine\r\n',	'1979-12-29',	'0206514463',	'0636248249',	'0293825',	'SPP',	'2015-09-17',	'2013-10-16',	'2004-06-26'),
('18',	'7',	8,	'Moreau\r\n',	'Clément\r\n',	'1997-09-09',	'0292898945',	'0643567967',	'029828',	'SPP',	'2016-04-21',	'2011-06-30',	'0000-00-00'),
('180',	'10',	37,	'Bertin\r\n',	'Maïlé\r\n',	'1996-11-29',	'0272602092',	'0629913971',	'029376',	'SPP',	'2014-02-04',	'2008-08-04',	'2005-10-02'),
('181',	'0',	46,	'Marion\r\n',	'Lauriane\r\n',	'1980-05-25',	'0242919145',	'0649643115',	'0294630',	'SPP',	'2014-11-18',	'2011-03-29',	'2007-01-25'),
('182',	'3',	55,	'Leblanc\r\n',	'Katell\r\n',	'1999-08-19',	'0240331733',	'0623703401',	'0295530',	'SPP',	'2014-09-08',	'2010-01-01',	'2000-03-14'),
('183',	'2',	20,	'Dupond\r\n',	'Rosalie\r\n',	'1985-09-24',	'0297962287',	'0626103794',	'0292030',	'SPP',	'2015-01-30',	'2008-10-09',	'2007-10-27'),
('184',	'1',	34,	'Alexandre\r\n',	'Guillemette\r\n',	'1995-11-20',	'0244088389',	'0680552176',	'029347',	'SPP',	'0000-00-00',	'2010-03-14',	'2004-08-06'),
('185',	'1',	13,	'Joubert\r\n',	'Catherine\r\n',	'1982-03-07',	'0221872695',	'0651070464',	'0291325',	'SPP',	'2014-04-01',	'2011-10-23',	'2007-07-28'),
('186',	'3',	20,	'Gonçalves\r\n',	'Lamia\r\n',	'1996-02-24',	'0291591402',	'0651696691',	'0292019',	'SPV',	'2014-05-01',	'2014-03-19',	'2007-06-26'),
('187',	'8',	6,	'Rossi\r\n',	'Edwige\r\n',	'1979-03-10',	'0251673987',	'0668006002',	'029619',	'SPP',	'2017-08-03',	'2013-05-30',	'2007-03-03'),
('188',	'3',	27,	'Perrier\r\n',	'Tatiana\r\n',	'1993-10-11',	'0239438906',	'0691800689',	'029273',	'SPV',	'2015-06-19',	'2015-06-26',	'2006-08-02'),
('189',	'6',	41,	'Jacques\r\n',	'Clotilde\r\n',	'1982-03-06',	'0273174992',	'0680853354',	'0294123',	'SPP',	'2017-10-17',	'2016-06-02',	'2002-02-27'),
('19',	'4',	4,	'Nicolas\r\n',	'Florentin\r\n',	'1978-05-22',	'0278481574',	'0699238895',	'029417',	'SPP',	'2017-02-12',	'2017-04-07',	'2000-03-30'),
('190',	'5',	22,	'Hamon\r\n',	'Françoise\r\n',	'1983-05-24',	'0293277614',	'0615307376',	'0292227',	'SPV',	'2015-02-08',	'2010-01-14',	'2006-04-21'),
('191',	'2',	31,	'Besson\r\n',	'Yüna\r\n',	'1990-12-07',	'0219523532',	'0640994134',	'0293123',	'SPP',	'2015-11-20',	'2010-11-07',	'2005-02-18'),
('192',	'5',	42,	'Dos santos\r\n',	'Lutécia\r\n',	'1991-08-19',	'0270607929',	'0693059961',	'029421',	'SPP',	'2016-11-22',	'2014-09-06',	'2000-04-05'),
('193',	'8',	1,	'Legros\r\n',	'Alexandra\r\n',	'1999-02-07',	'0200428322',	'0692658587',	'02918',	'SPP',	'2016-05-03',	'2012-05-23',	'2001-01-12'),
('194',	'6',	12,	'Rodrigues\r\n',	'Syrine\r\n',	'1987-06-29',	'0215308910',	'0663558244',	'0291230',	'SPV',	'2015-01-21',	'2015-06-21',	'2006-06-24'),
('195',	'1',	8,	'Guichard\r\n',	'Nathalie\r\n',	'1979-01-05',	'0274529706',	'0608007375',	'029817',	'SPP',	'2015-07-17',	'2012-07-03',	'2005-12-17'),
('196',	'5',	37,	'Pelletier\r\n',	'Rose\r\n',	'1981-01-24',	'0268015518',	'0685333303',	'0293720',	'SPP',	'2014-11-07',	'2014-09-25',	'2006-11-28'),
('197',	'2',	28,	'Fernandes\r\n',	'Hélène\r\n',	'1986-04-07',	'0235546162',	'0605129403',	'0292821',	'SPP',	'2017-09-23',	'2013-11-05',	'2001-02-07'),
('198',	'3',	5,	'Bouchet\r\n',	'Claudie\r\n',	'1980-02-24',	'0250595570',	'0659563646',	'029510',	'SPV',	'2017-10-15',	'2012-05-16',	'2007-10-25'),
('199',	'9',	31,	'Carlier',	'Valérie',	'1996-11-27',	'0260394029',	'0668222356',	'0293126',	'SPP',	'2016-06-24',	'2016-07-05',	'2007-09-09'),
('2',	'3',	36,	'Bernard\r\n',	'Mattéo\r\n',	'1981-10-12',	'0279798605',	'0641054211',	'0293628',	'SPP',	'2016-07-12',	'2011-09-23',	'2005-12-23'),
('20',	'9',	15,	'Simon\r\n',	'Jules\r\n',	'1999-03-06',	'0242072629',	'0682972598',	'0291525',	'SPP',	'2017-07-21',	'2015-01-06',	'2006-02-17'),
('21',	'1',	39,	'Perrin\r\n',	'Baptiste\r\n',	'1998-12-13',	'0289558727',	'0671457475',	'0293930',	'SPV',	'2015-11-24',	'2014-03-24',	'2007-03-31'),
('22',	'0',	36,	'Laurent\r\n',	'Paul\r\n',	'1995-11-20',	'0250939189',	'0673238523',	'029367',	'SPP',	'2016-08-03',	'2010-01-06',	'2007-12-04'),
('23',	'5',	61,	'Morin\r\n',	'Alexis\r\n',	'1978-03-27',	'0279822953',	'0680541796',	'029618',	'SPP',	'2014-11-03',	'2016-11-09',	'2003-08-06'),
('24',	'2',	51,	'Lefebvre\r\n',	'Noah\r\n',	'1987-12-11',	'0209129813',	'0682584826',	'0295112',	'SPP',	'2016-03-13',	'2017-05-27',	'2007-06-03'),
('25',	'6',	59,	'Mathieu\r\n',	'Mathis\r\n',	'1996-04-24',	'0249186071',	'0638235635',	'029599',	'SPP',	'2014-02-20',	'2013-11-15',	'2002-04-14'),
('27',	'4',	32,	'Clement\r\n',	'Quentin\r\n',	'1994-10-01',	'0268008316',	'0651481073',	'029326',	'SPP',	'2014-04-27',	'2017-05-04',	'2004-06-29'),
('28',	'1',	39,	'Garcia\r\n',	'Maxence\r\n',	'1985-04-09',	'0211410658',	'0604020162',	'0293930',	'SPP',	'2017-09-22',	'2012-03-12',	'2007-12-04'),
('29',	'0',	27,	'Gauthier\r\n',	'Pierre\r\n',	'1996-07-04',	'0201274342',	'0612475796',	'0292730',	'SPP',	'2017-06-16',	'2008-04-30',	'2005-08-09'),
('3',	'1',	24,	'Garnier\r\n',	'Léo\r\n',	'1998-12-20',	'0298367998',	'0601843909',	'029241',	'SPP',	'2015-06-10',	'2013-06-11',	'2001-08-04'),
('30',	'8',	0,	'David',	'Valentin',	'1991-08-04',	'0202685622',	'0698920075',	'029011',	'SPP',	'2016-01-12',	'2009-12-11',	'2004-10-28'),
('31',	'9',	21,	'Dumont\r\n',	'Julien\r\n',	'1980-12-11',	'0263396004',	'0607170193',	'029218',	'SPP',	'2014-12-20',	'2011-07-27',	'2002-03-16'),
('32',	'10',	35,	'Bertrand\r\n',	'Romain\r\n',	'1996-11-19',	'0248321801',	'0653033084',	'0293512',	'SPV',	'2014-12-19',	'2012-02-07',	'2005-04-05'),
('33',	'4',	6,	'Lopez\r\n',	'Adam\r\n',	'1993-06-24',	'0216681394',	'0685501124',	'029617',	'SPP',	'2017-10-10',	'2011-08-12',	'2007-06-07'),
('34',	'8',	9,	'Roux\r\n',	'Victor\r\n',	'1979-03-20',	'0235988143',	'0670189025',	'02992',	'SPP',	'2015-08-24',	'2016-06-14',	'2007-03-29'),
('35',	'2',	45,	'Fontaine\r\n',	'Mohamed\r\n',	'1977-01-28',	'0231195660',	'0692416782',	'029452',	'SPP',	'2016-05-17',	'2009-10-22',	'2002-12-29'),
('36',	'5',	32,	'Vincent\r\n',	'Nicolas\r\n',	'1993-02-28',	'0292595113',	'0619098906',	'0293216',	'SPP',	'2016-12-11',	'2009-08-23',	'2006-08-24'),
('37',	'2',	8,	'Chevalier\r\n',	'Nolan\r\n',	'1982-02-15',	'0253016810',	'0699826813',	'02987',	'SPP',	'2015-03-09',	'2017-06-21',	'2003-02-25'),
('38',	'10',	47,	'Fournier\r\n',	'Timéo\r\n',	'1991-02-22',	'0203486551',	'0687802870',	'0294728',	'SPP',	'2014-03-10',	'2014-10-04',	'2006-01-07'),
('39',	'3',	28,	'Robin\r\n',	'Mathieu\r\n',	'1995-11-20',	'0263101751',	'0637153200',	'0292819',	'SPP',	'2016-03-14',	'2009-12-17',	'2007-07-20'),
('4',	'2',	40,	'Dubois\r\n',	'Evan\r\n',	'1997-08-14',	'0264458773',	'0654637827',	'029405',	'SPP',	'2017-12-05',	'2010-02-03',	'2005-01-02'),
('40',	'8',	52,	'Morel\r\n',	'Tristan\r\n',	'1997-08-27',	'0200729846',	'0692715839',	'0295219',	'SPP',	'2017-03-20',	'2009-03-30',	'2004-09-08'),
('41',	'5',	28,	'Masson\r\n',	'Anthony\r\n',	'1977-10-03',	'0288751465',	'0612736118',	'0292818',	'SPP',	'2016-12-01',	'2015-06-10',	'2004-05-29'),
('42',	'2',	9,	'Girard\r\n',	'Antonin\r\n',	'1978-02-06',	'0282806777',	'0661968417',	'02994',	'SPP',	'2016-03-13',	'2016-05-19',	'2002-05-13'),
('43',	'0',	25,	'Sanchez\r\n',	'Lorenzo\r\n',	'1986-02-09',	'0245859955',	'0629356820',	'029254',	'SPP',	'2017-11-24',	'2010-11-10',	'2002-12-13'),
('44',	'7',	40,	'Andre\r\n',	'Gabin\r\n',	'1998-04-15',	'0242833006',	'0663293036',	'029408',	'SPP',	'2014-02-27',	'2008-10-09',	'2003-03-13'),
('45',	'2',	18,	'Gerard\r\n',	'Jérémy\r\n',	'1988-07-24',	'0208909223',	'0691174278',	'0291818',	'SPP',	'2016-09-20',	'2011-08-07',	'2007-07-15'),
('46',	'6',	37,	'Lefevre\r\n',	'Dylan\r\n',	'1983-03-01',	'0271564171',	'0681663418',	'029373',	'SPP',	'2016-04-27',	'2010-06-10',	'2004-12-26'),
('47',	'6',	33,	'Nguyen\r\n',	'Kevin\r\n',	'1997-06-20',	'0274222595',	'0671474834',	'0293324',	'SPP',	'2015-10-08',	'2009-02-12',	'2006-06-18'),
('48',	'0',	53,	'Mercier\r\n',	'Constant\r\n',	'1992-10-18',	'0254701459',	'0603204257',	'0295329',	'SPV',	'2016-01-01',	'2016-10-17',	'2003-09-01'),
('49',	'2',	49,	'Boyer\r\n',	'Esteban\r\n',	'1982-11-17',	'0288085661',	'0638480893',	'029495',	'SPP',	'2014-02-22',	'2017-09-05',	'2006-05-31'),
('5',	'6',	33,	'Faure\r\n',	'Louis\r\n',	'1990-07-16',	'0224704470',	'0693247773',	'0293317',	'SPV',	'2016-02-29',	'2008-10-23',	'2005-09-10'),
('50',	'0',	0,	'Dupont\r\n',	'Dorian\r\n',	'1985-02-18',	'0232905798',	'0685484514',	'02902',	'SPV',	'2015-12-12',	'2016-05-08',	'2005-07-05'),
('51',	'7',	15,	'Lambert\r\n',	'Diego\r\n',	'1997-12-04',	'0275350377',	'0617262478',	'029155',	'SPP',	'2014-12-26',	'2009-02-07',	'2001-06-11'),
('5114845',	'0',	10,	'GODAL',	'Tristan',	'1999-11-03',	'298897739',	'782659684',	'98451555',	'SPV',	'0000-00-00',	'0000-00-00',	'0000-00-00'),
('52',	'9',	17,	'Lemaire\r\n',	'Kyllian\r\n',	'1978-09-19',	'0217124800',	'0635799999',	'0291716',	'SPP',	'2014-07-30',	'2013-05-04',	'2005-03-04'),
('53',	'2',	3,	'Bonnet\r\n',	'Samuel\r\n',	'1992-05-26',	'0270148754',	'0604135276',	'029313',	'SPP',	'2017-07-29',	'2011-05-08',	'2005-06-29'),
('54',	'6',	27,	'Duval\r\n',	'Florian\r\n',	'1981-12-19',	'0218609487',	'0682744776',	'029276',	'SPP',	'2016-06-30',	'2017-01-13',	'2007-09-26'),
('55',	'6',	23,	'Francois\r\n',	'Thibault\r\n',	'1994-07-03',	'0259362920',	'0639319348',	'0292329',	'SPP',	'2014-12-15',	'2011-11-17',	'2005-01-15'),
('56',	'8',	57,	'Joly\r\n',	'Adrien\r\n',	'1983-07-03',	'0249928615',	'0686698361',	'0295726',	'SPV',	'2015-07-05',	'2014-04-13',	'2000-01-31'),
('57',	'2',	59,	'Martinez\r\n',	'Benjamin\r\n',	'1990-08-17',	'0264320743',	'0605656558',	'0295913',	'SPP',	'2016-11-12',	'2013-12-05',	'2003-04-22'),
('59',	'6',	50,	'Bourgeois\r\n',	'Eric\r\n',	'1994-08-14',	'0258781631',	'0631250669',	'0295022',	'SPP',	'2014-02-14',	'2008-02-14',	'2001-10-02'),
('6',	'5',	15,	'Thomas\r\n',	'Tom\r\n',	'1983-01-28',	'0294493098',	'0647809335',	'029151',	'SPP',	'0000-00-00',	'2013-03-16',	'2000-10-02'),
('60',	'3',	21,	'Roche\r\n',	'Kylian\r\n',	'1998-04-22',	'0205903964',	'0627034676',	'029216',	'SPP',	'2017-03-05',	'2009-06-24',	'2007-03-13'),
('61',	'4',	34,	'Renaud\r\n',	'Mehdi\r\n',	'1995-09-05',	'0294156807',	'0695916237',	'029342',	'SPV',	'2016-09-08',	'2008-11-12',	'2002-10-20'),
('62',	'9',	51,	'Roy\r\n',	'Noë\r\n',	'1981-01-28',	'0214610701',	'0612675607',	'0295117',	'SPP',	'2015-03-11',	'2013-07-30',	'2000-05-22'),
('63',	'10',	25,	'Lemoine\r\n',	'Rémi\r\n',	'1987-10-11',	'0218957758',	'0687998236',	'0292530',	'SPV',	'2016-10-07',	'2013-03-24',	'2002-05-25'),
('64',	'9',	62,	'Noel\r\n',	'Simon\r\n',	'1989-11-05',	'0250272517',	'0605548667',	'029621',	'SPP',	'2014-06-21',	'2015-09-28',	'2001-03-22'),
('65',	'8',	33,	'Picard\r\n',	'Titouan\r\n',	'1993-08-23',	'0242336248',	'0644810067',	'0293311',	'SPP',	'0000-00-00',	'2010-08-04',	'2001-02-01'),
('66',	'2',	28,	'Meyer\r\n',	'Robin\r\n',	'1977-04-30',	'0217978299',	'0690048553',	'0292827',	'SPP',	'2014-01-21',	'2013-09-19',	'2000-05-07'),
('67',	'1',	18,	'Gaillard\r\n',	'Bastien\r\n',	'1994-07-23',	'0200031772',	'0625248473',	'0291815',	'SPP',	'2014-10-11',	'2010-05-23',	'2005-05-01'),
('68',	'4',	2,	'Lucas\r\n',	'Kilian\r\n',	'1985-04-07',	'0200763410',	'0682519167',	'029210',	'SPV',	'2014-11-29',	'2008-11-13',	'2002-08-29'),
('69',	'8',	44,	'Philippe\r\n',	'Killian\r\n',	'1985-12-23',	'0299562302',	'0658797850',	'0294414',	'SPP',	'2017-04-03',	'2013-09-26',	'2005-01-05'),
('7',	'4',	8,	'Rousseau\r\n',	'Maxime\r\n',	'1988-05-12',	'0204415638',	'0678957612',	'029826',	'SPP',	'2014-05-06',	'2009-02-11',	'2002-06-12'),
('70',	'3',	1,	'Meunier\r\n',	'Lilian\r\n',	'1994-01-01',	'0242037083',	'0645658077',	'029115',	'SPP',	'2014-02-27',	'2011-06-07',	'2000-11-07'),
('71',	'8',	30,	'Leclercq\r\n',	'Martin\r\n',	'1997-04-15',	'0253594580',	'0615279512',	'029306',	'SPP',	'2015-11-05',	'2010-05-14',	'2002-02-16'),
('72',	'2',	38,	'Jean\r\n',	'Amine\r\n',	'1981-09-02',	'0217156183',	'0691324703',	'0293811',	'SPV',	'2016-01-16',	'2009-12-02',	'2004-11-11'),
('73',	'2',	15,	'Lacroix\r\n',	'Guillaume\r\n',	'1982-05-25',	'0293856231',	'0685304565',	'0291511',	'SPV',	'2015-08-06',	'2011-04-18',	'2007-06-08'),
('74',	'2',	18,	'Perez\r\n',	'Léonard\r\n',	'1988-02-15',	'0283039519',	'0690994976',	'0291810',	'SPP',	'2017-03-15',	'2010-12-17',	'2004-02-27'),
('75',	'6',	31,	'Fabre\r\n',	'Malo\r\n',	'1987-06-14',	'0278366566',	'0635312371',	'029317',	'SPP',	'2017-10-23',	'2013-10-12',	'2007-04-15'),
('76',	'2',	43,	'Marchand\r\n',	'Élouan\r\n',	'1995-02-17',	'0285597572',	'0665824399',	'0294319',	'SPP',	'2014-05-14',	'2013-02-06',	'2000-08-20'),
('77',	'4',	26,	'Dupuis\r\n',	'Davy\r\n',	'1980-10-07',	'0222674309',	'0674819811',	'0292610',	'SPP',	'2015-05-01',	'2010-07-16',	'2007-05-19'),
('78',	'6',	59,	'Dufour\r\n',	'Léon\r\n',	'1997-03-25',	'0272006597',	'0667706829',	'0295917',	'SPP',	'2015-09-30',	'2010-03-31',	'2005-05-23'),
('79',	'8',	4,	'Olivier\r\n',	'Renaud\r\n',	'1997-06-10',	'0259491814',	'0674312388',	'02948',	'SPV',	'2014-09-28',	'2011-01-25',	'2002-12-30'),
('8',	'10',	42,	'Robert\r\n',	'Arthur\r\n',	'1982-04-20',	'0290377864',	'0674526478',	'0294220',	'SPP',	'2014-11-26',	'2015-06-02',	'2007-12-12'),
('80',	'5',	41,	'Blanchard\r\n',	'Bruno\r\n',	'1977-02-12',	'0209979337',	'0655566276',	'0294127',	'SPP',	'2016-05-18',	'2010-01-19',	'2002-12-02'),
('81',	'1',	45,	'Rodriguez\r\n',	'Timothée\r\n',	'1989-11-10',	'0252515309',	'0659573482',	'029459',	'SPP',	'2017-03-12',	'2013-08-22',	'2001-08-25'),
('82',	'2',	12,	'Marie\r\n',	'Félix\r\n',	'1980-10-10',	'0243723523',	'0663194170',	'029127',	'SPP',	'2014-01-10',	'2014-02-12',	'2003-08-09'),
('83',	'5',	33,	'Da silva\r\n',	'Roméo\r\n',	'1979-01-02',	'0283719288',	'0608806908',	'0293310',	'SPP',	'2015-08-21',	'2016-06-17',	'2000-07-10'),
('84',	'7',	24,	'Barbier\r\n',	'Yohan\r\n',	'1992-03-26',	'0233298974',	'0629788036',	'0292418',	'SPV',	'2017-12-29',	'2013-01-03',	'2000-02-05'),
('85',	'6',	48,	'Hubert\r\n',	'Gilbert\r\n',	'1996-08-19',	'0260670814',	'0667806515',	'0294819',	'SPP',	'2014-07-01',	'2017-12-07',	'2003-09-15'),
('86',	'7',	23,	'Brun\r\n',	'Colin\r\n',	'1980-11-23',	'0258904664',	'0681203789',	'0292328',	'SPP',	'2016-06-25',	'2017-10-15',	'2005-08-04'),
('87',	'8',	38,	'Louis\r\n',	'Marwane\r\n',	'1985-06-07',	'0280356673',	'0616573753',	'0293827',	'SPP',	'2017-06-07',	'2014-01-15',	'2007-02-12'),
('88',	'10',	52,	'Dumas\r\n',	'Gaspard\r\n',	'1988-09-14',	'0238571138',	'0688547072',	'0295224',	'SPP',	'2015-09-06',	'2017-09-17',	'2004-01-30'),
('89',	'0',	23,	'Charles\r\n',	'Aaron\r\n',	'1977-03-06',	'0278639071',	'0639842830',	'0292311',	'SPV',	'2017-10-06',	'2015-06-08',	'2004-12-31'),
('9',	'0',	46,	'Blanc\r\n',	'Thomas\r\n',	'1987-10-25',	'0227484720',	'0665129505',	'0294612',	'SPP',	'2015-12-30',	'2008-07-07',	'2005-09-17'),
('90',	'4',	40,	'Brunet\r\n',	'Émile\r\n',	'1981-04-01',	'0285687576',	'0650354646',	'0294024',	'SPP',	'2017-04-23',	'2012-09-25',	'2006-09-30'),
('91',	'7',	47,	'Guillot\r\n',	'Grégory\r\n',	'1981-01-17',	'0238693481',	'0677682287',	'029471',	'SPP',	'2016-10-01',	'2015-05-13',	'2003-08-21'),
('92',	'6',	57,	'Schmitt\r\n',	'Cédric\r\n',	'1980-01-25',	'0234370745',	'0671360328',	'029576',	'SPP',	'2017-07-15',	'2014-04-26',	'2003-07-27'),
('93',	'0',	40,	'Riviere\r\n',	'Zacharis\r\n',	'1999-10-02',	'0294280800',	'0636615011',	'029401',	'SPP',	'2017-07-14',	'2008-05-19',	'2007-07-21'),
('94',	'5',	12,	'Leroux\r\n',	'Amaury\r\n',	'1981-02-17',	'0223200896',	'0616664731',	'0291212',	'SPP',	'2015-10-27',	'2008-03-13',	'2005-02-07'),
('95',	'1',	48,	'Le gall\r\n',	'Fabrice\r\n',	'1979-07-22',	'0248083524',	'0674809488',	'0294818',	'SPV',	'2014-07-03',	'2012-03-31',	'2004-05-05'),
('96',	'8',	60,	'Colin\r\n',	'David\r\n',	'1977-11-06',	'0258869333',	'0679504993',	'0296016',	'SPP',	'2015-12-12',	'2008-04-21',	'2006-05-06'),
('97',	'6',	44,	'Guillaume\r\n',	'Jordan\r\n',	'1989-04-06',	'0234128262',	'0610775988',	'0294424',	'SPP',	'2014-09-13',	'2010-06-17',	'2001-07-14'),
('98',	'10',	22,	'Fernandez\r\n',	'Rayane\r\n',	'1994-09-30',	'0246346782',	'0696704371',	'0292220',	'SPV',	'2015-09-08',	'2009-12-07',	'2006-06-17'),
('99',	'7',	16,	'Adam\r\n',	'Alban\r\n',	'1986-09-19',	'0215452716',	'0672226549',	'0291618',	'SPP',	'2014-12-03',	'2009-07-16',	'2004-04-06');

DROP TABLE IF EXISTS `VALIDE`;
CREATE TABLE `VALIDE` (
  `SP_MATRICULE` varchar(7) NOT NULL,
  `FOR_ID` varchar(32) NOT NULL,
  PRIMARY KEY (`SP_MATRICULE`,`FOR_ID`),
  KEY `I_FK_VALIDE_POMPIER` (`SP_MATRICULE`),
  KEY `I_FK_VALIDE_FORMATION` (`FOR_ID`),
  CONSTRAINT `FK_VALIDE_FORMATION` FOREIGN KEY (`FOR_ID`) REFERENCES `FORMATION` (`FOR_ID`),
  CONSTRAINT `FK_VALIDE_POMPIER` FOREIGN KEY (`SP_MATRICULE`) REFERENCES `POMPIER` (`SP_MATRICULE`)
) ENGINE=InnoDB DEFAULT CHARSET=utf8mb4;


-- 2018-09-07 08:45:20
